Workbook

Sheet Dashboard
A1: MAM-ON ELEMENTARY SCHOOL School-Based Performance Management Dashboard | AA1: Helper Metric | AB1: Value | AD1: Subject | AE1: MPS | AG1: Grade | AH1: AtRisk
AA2: Total Learners | AB2: =COUNTA(Students!B2:B500) -> 130 | AD2: English | AE2: =AVERAGEIF(Scores!D:D,AD2,Scores!H:H) -> 0.47408333 | AG2: Kinder | AH2: =SUMIF(Scores!B:B,AG2,Scores!J:J) -> 4
AA3: Teachers | AB3: =COUNTA(Teacher_Submissions!B2:B100) -> 6 | AD3: Filipino | AE3: =AVERAGEIF(Scores!D:D,AD3,Scores!H:H) -> 0.5973 | AG3: Grade 1 | AH3: =SUMIF(Scores!B:B,AG3,Scores!J:J) -> 26
A4: School Year: | B4: 2026-2027 | D4: Quarter: | E4: 1st Quarter | G4: Data Source: | H4: LIS Export + Excel + Power Automate | L4: Last Refresh: | M4: 2026-07-27 10:40 AM | AA4: Submitted | AB4: =COUNTIF(Teacher_Submissions!K2:K100,"Submitted") -> 2 | AD4: Mathematics | AE4: =AVERAGEIF(Scores!D:D,AD4,Scores!H:H) -> 0.43425 | AG4: Grade 2 | AH4: =SUMIF(Scores!B:B,AG4,Scores!J:J) -> 28
AA5: Due Soon | AB5: =COUNTIF(Teacher_Submissions!K2:K100,"Due Soon") -> 2 | AD5: Science | AE5: =AVERAGEIF(Scores!D:D,AD5,Scores!H:H) -> 0.48 | AG5: Grade 3 | AH5: =SUMIF(Scores!B:B,AG5,Scores!J:J) -> 12
A6: 👥 | B6: TOTAL LEARNERS | D6: 👩‍🏫 | E6: TEACHERS | G6: 📊 | H6: OVERALL MPS | J6: ⚠️ | K6: AT-RISK LEARNERS | M6: ✅ | N6: SUBMISSION RATE | AA6: Overdue | AB6: =COUNTIF(Teacher_Submissions!K2:K100,"Overdue") -> 0 | AD6: GMRC | AE6: =AVERAGEIF(Scores!D:D,AD6,Scores!H:H) -> 0.55 | AG6: Grade 4 | AH6: =SUMIF(Scores!B:B,AG6,Scores!J:J) -> 18
AA7: For Checking | AB7: =COUNTIF(Teacher_Submissions!K2:K100,"For Checking") -> 1 | AD7: Readiness | AE7: =AVERAGEIF(Scores!D:D,AD7,Scores!H:H) -> 0.583 | AG7: Grade 5 | AH7: =SUMIF(Scores!B:B,AG7,Scores!J:J) -> 26
B8: =AB2 -> 130 | E8: =AB3 -> 6 | H8: =AB11 -> 0.502475 | K8: =AB10 -> 137 | N8: =AB9 -> 0.33333333 | AA8: Returned | AB8: =COUNTIF(Teacher_Submissions!K2:K100,"Returned") -> 1 | AG8: Grade 6 | AH8: =SUMIF(Scores!B:B,AG8,Scores!J:J) -> 23
B9: 100% Local Database | E9: 6 Advisers / Users | H9: School Average | K9: For Intervention | N9: Teacher Compliance | AA9: Submission Rate | AB9: =IFERROR(AB4/AB3,0) -> 0.33333333
AA10: At-Risk Learners | AB10: =SUM(Scores!J2:J200) -> 137
A11: TEACHER SUBMISSION STATUS PER TEACHER | H11: MPS BY GRADE LEVEL | AA11: Overall MPS | AB11: =AVERAGE(Scores!H2:H200) -> 0.502475
A12: Teacher | B12: Grade | C12: Status | D12: Date Submitted | E12: Deadline | F12: Remarks | H12: Kinder | I12: Grade 1 | J12: Grade 2 | K12: Grade 3 | L12: Grade 4 | M12: Grade 5 | N12: Grade 6
A13: =Teacher_Submissions!B2 -> Jenny Queen L. Orillaneda | B13: =Teacher_Submissions!C2 -> Grade 1 | C13: =Teacher_Submissions!K2 -> Submitted | D13: =Teacher_Submissions!I2 -> 2026-07-27 | E13: =Teacher_Submissions!H2 -> 2026-07-30 | F13: =Teacher_Submissions!M2 -> Complete | H13: =AVERAGEIF(Scores!B:B,"Kinder",Scores!H:H) -> 0.583 | I13: =AVERAGEIF(Scores!B:B,"Grade 1",Scores!H:H) -> 0.5 | J13: =AVERAGEIF(Scores!B:B,"Grade 2",Scores!H:H) -> 0.42666667 | K13: =AVERAGEIF(Scores!B:B,"Grade 3",Scores!H:H) -> 0.63 | L13: =AVERAGEIF(Scores!B:B,"Grade 4",Scores!H:H) -> 0.47666667 | M13: =AVERAGEIF(Scores!B:B,"Grade 5",Scores!H:H) -> 0.48883333 | N13: =AVERAGEIF(Scores!B:B,"Grade 6",Scores!H:H) -> 0.46666667 | AA13: Target Feeding Days | AB13: 20
A14: =Teacher_Submissions!B3 -> Maria Fatima R. Peñanueva | B14: =Teacher_Submissions!C3 -> Grade 2 | C14: =Teacher_Submissions!K3 -> Due Soon | D14: =Teacher_Submissions!I3 -> 0 | E14: =Teacher_Submissions!H3 -> 2026-07-30 | F14: =Teacher_Submissions!M3 -> 0
A15: =Teacher_Submissions!B4 -> Jessa Mae R. Flores | B15: =Teacher_Submissions!C4 -> Grade 3 | C15: =Teacher_Submissions!K4 -> Submitted | D15: =Teacher_Submissions!I4 -> 2026-07-27 | E15: =Teacher_Submissions!H4 -> 2026-07-30 | F15: =Teacher_Submissions!M4 -> Complete
A16: =Teacher_Submissions!B5 -> Alma C. Nayre | B16: =Teacher_Submissions!C5 -> Grade 4 | C16: =Teacher_Submissions!K5 -> For Checking | D16: =Teacher_Submissions!I5 -> 2026-07-26 | E16: =Teacher_Submissions!H5 -> 2026-07-30 | F16: =Teacher_Submissions!M5 -> Needs checking
A17: =Teacher_Submissions!B6 -> Lendon B. Abonales | B17: =Teacher_Submissions!C6 -> Grade 5 | C17: =Teacher_Submissions!K6 -> Due Soon | D17: =Teacher_Submissions!I6 -> 0 | E17: =Teacher_Submissions!H6 -> 2026-07-20 | F17: =Teacher_Submissions!M6 -> 0
A18: =Teacher_Submissions!B7 -> Mark Zoilo C. Tajonera | B18: =Teacher_Submissions!C7 -> Grade 6 | C18: =Teacher_Submissions!K7 -> Returned | D18: =Teacher_Submissions!I7 -> 2026-07-25 | E18: =Teacher_Submissions!H7 -> 2026-07-30 | F18: =Teacher_Submissions!M7 -> Needs correction
A20: Submitted | B20: Due Soon | C20: Overdue | D20: For Checking | E20: Returned | F20: Overall Rate
A21: =AB4 -> 2 | B21: =AB5 -> 2 | C21: =AB6 -> 0 | D21: =AB7 -> 1 | E21: =AB8 -> 1 | F21: =AB9 -> 0.33333333
A24: SUBJECT PERFORMANCE | H24: AT-RISK LEARNERS BY GRADE
A38: TOP COMPETENCIES NEEDING IMPROVEMENT
A39: Priority Need | B39: Subject | C39: Grade | D39: At-Risk Learners
A40: Fractions and decimals | B40: Mathematics | C40: Grade 5 | D40: 12
A41: Multi-step word math | B41: Mathematics | C41: Grade 2 | D41: 11
A42: Ratio and percentage | B42: Mathematics | C42: Grade 6 | D42: 10
A43: Reading fluency | B43: English | C43: Grade 2 | D43: 10
A44: Letter-sound recognition | B44: English | C44: Grade 1 | D44: 8
F46: QUICK ACTIONS 1. Upload latest LIS export to SharePoint/OneDrive folder. 2. Power Automate updates Students and LIS_Sync_Log sheets. 3. Teachers encode scores in Scores sheet or via Power Apps. 4. Submission status updates automatically from DateSubmitted and ReviewStatus. 5. Principal opens Dashboard for live monitoring.
A54: RECENT ASSESSMENT SUBMISSIONS FROM TEACHER LINK
A55: Date | B55: Teacher | C55: Grade | D55: Assessment | E55: Subject | F55: MPS | G55: Status | H55: File
A56: =Assessment_Submissions!B5 -> 46230.389 | B56: =Assessment_Submissions!C5 -> Jenny Queen L. Orillaneda | C56: =Assessment_Submissions!D5 -> Grade 1 | D56: =Assessment_Submissions!G5 -> Periodical Exam | E56: =Assessment_Submissions!H5 -> English | F56: =Assessment_Submissions!L5 -> 0.72 | G56: =Assessment_Submissions!S5 -> For Checking | H56: =IF(Assessment_Submissions!R5="","No File",HYPERLINK(Assessment_Submissions!R5,"View File")) -> View File
A57: =Assessment_Submissions!B6 -> 46230.424 | B57: =Assessment_Submissions!C6 -> Maria Fatima R. Peñanueva | C57: =Assessment_Submissions!D6 -> Grade 2 | D57: =Assessment_Submissions!G6 -> Summative Test | E57: =Assessment_Submissions!H6 -> Mathematics | F57: =Assessment_Submissions!L6 -> 0.525 | G57: =Assessment_Submissions!S6 -> For Checking | H57: =IF(Assessment_Submissions!R6="","No File",HYPERLINK(Assessment_Submissions!R6,"View File")) -> View File
A58: =Assessment_Submissions!B7 -> 46230.479 | B58: =Assessment_Submissions!C7 -> Jessa Mae R. Flores | C58: =Assessment_Submissions!D7 -> Grade 3 | D58: =Assessment_Submissions!G7 -> Diagnostic Test | E58: =Assessment_Submissions!H7 -> Filipino | F58: =Assessment_Submissions!L7 -> 0.8 | G58: =Assessment_Submissions!S7 -> Submitted | H58: =IF(Assessment_Submissions!R7="","No File",HYPERLINK(Assessment_Submissions!R7,"View File")) -> View File
A66: NEW MODULES ADDED: Teacher View-Only Dashboard, Learner Scores extraction table, Access Control, View-Only Sharing Guide, and Teacher Template Guide. Teachers should upload Excel files through Microsoft Forms and view updates through the protected Teacher_View_Dashboard or Power BI.
A70: Official class sections updated from provided class list: Kinder-KAMAGONG, Grade 1-MAGKONO, Grade 2-NARRA, Grade 3-TOOG, Grade 4-TUGAS, Grade 5-LAUAAN, Grade 6-YAKAL.
A74: Student Data Module Added: Use Student_Masterlist for official LIS/enrollment records, Enrollment_Dashboard for class counts, and Student_Data_Instructions for update steps. Placeholder learner names should be replaced with official school data.
A78: Student names imported from available MPS/summative files for Grade 1 MAGKONO, Grade 2 NARRA, Grade 4 TUGAS, Grade 5 LAUAAN, and Grade 6 YAKAL. Kinder KAMAGONG and Grade 3 TOOG still require populated learner data. LRN and personal profile fields still require official SF1/LIS verification.

Sheet Enrollment_Dashboard
A1: STUDENT ENROLLMENT DASHBOARD Summary of student enrollment by official class section and enrollment status. | AA1: Metric | AB1: Value
AA2: Total Students | AB2: =COUNTA(Student_Masterlist!B6:B230) -> 145
AA3: Active Students | AB3: =COUNTIF(Student_Masterlist!N6:N230,"Active") -> 145
AA4: For Verification | AB4: =COUNTIF(Student_Masterlist!N6:N230,"For Verification") -> 0
A5: TOTAL STUDENTS | D5: ACTIVE | G5: FOR VERIFICATION | J5: TRANSFERRED OUT | M5: DATA ISSUES | AA5: Transferred Out | AB5: =COUNTIF(Student_Masterlist!N6:N230,"Transferred Out") -> 0
B6: =AB2 -> 145 | E6: =AB3 -> 145 | H6: =AB4 -> 0 | K6: =AB5 -> 0 | N6: =AB7 -> 190 | AA6: Dropped | AB6: =COUNTIF(Student_Masterlist!N6:N230,"Dropped") -> 0
AA7: Data Issues | AB7: =COUNTIF(Student_Masterlist!W6:W230,"<>OK") -> 190
A8: All encoded learners | D8: Currently enrolled | G8: Need LIS checking | J8: Status monitoring | M8: Missing fields
A11: ENROLLMENT BY CLASS SECTION
A12: GradeLevel | B12: Section | C12: Active | D12: For Verification | E12: Transferred Out | F12: Dropped | G12: Total | H12: Adviser
A13: Kinder | B13: KAMAGONG | C13: =COUNTIFS(Student_Masterlist!J:J,A13,Student_Masterlist!K:K,B13,Student_Masterlist!N:N,"Active") -> 15 | D13: =COUNTIFS(Student_Masterlist!J:J,A13,Student_Masterlist!K:K,B13,Student_Masterlist!N:N,"For Verification") -> 0 | E13: =COUNTIFS(Student_Masterlist!J:J,A13,Student_Masterlist!K:K,B13,Student_Masterlist!N:N,"Transferred Out") -> 0 | F13: =COUNTIFS(Student_Masterlist!J:J,A13,Student_Masterlist!K:K,B13,Student_Masterlist!N:N,"Dropped") -> 0 | G13: =COUNTIFS(Student_Masterlist!J:J,A13,Student_Masterlist!K:K,B13) -> 15 | H13: Kinder Adviser
A14: Grade 1 | B14: MAGKONO | C14: =COUNTIFS(Student_Masterlist!J:J,A14,Student_Masterlist!K:K,B14,Student_Masterlist!N:N,"Active") -> 20 | D14: =COUNTIFS(Student_Masterlist!J:J,A14,Student_Masterlist!K:K,B14,Student_Masterlist!N:N,"For Verification") -> 0 | E14: =COUNTIFS(Student_Masterlist!J:J,A14,Student_Masterlist!K:K,B14,Student_Masterlist!N:N,"Transferred Out") -> 0 | F14: =COUNTIFS(Student_Masterlist!J:J,A14,Student_Masterlist!K:K,B14,Student_Masterlist!N:N,"Dropped") -> 0 | G14: =COUNTIFS(Student_Masterlist!J:J,A14,Student_Masterlist!K:K,B14) -> 20 | H14: Jenny Queen L. Orillaneda
A15: Grade 2 | B15: NARRA | C15: =COUNTIFS(Student_Masterlist!J:J,A15,Student_Masterlist!K:K,B15,Student_Masterlist!N:N,"Active") -> 20 | D15: =COUNTIFS(Student_Masterlist!J:J,A15,Student_Masterlist!K:K,B15,Student_Masterlist!N:N,"For Verification") -> 0 | E15: =COUNTIFS(Student_Masterlist!J:J,A15,Student_Masterlist!K:K,B15,Student_Masterlist!N:N,"Transferred Out") -> 0 | F15: =COUNTIFS(Student_Masterlist!J:J,A15,Student_Masterlist!K:K,B15,Student_Masterlist!N:N,"Dropped") -> 0 | G15: =COUNTIFS(Student_Masterlist!J:J,A15,Student_Masterlist!K:K,B15) -> 20 | H15: Maria Fatima R. Peñanueva
A16: Grade 3 | B16: TOOG | C16: =COUNTIFS(Student_Masterlist!J:J,A16,Student_Masterlist!K:K,B16,Student_Masterlist!N:N,"Active") -> 20 | D16: =COUNTIFS(Student_Masterlist!J:J,A16,Student_Masterlist!K:K,B16,Student_Masterlist!N:N,"For Verification") -> 0 | E16: =COUNTIFS(Student_Masterlist!J:J,A16,Student_Masterlist!K:K,B16,Student_Masterlist!N:N,"Transferred Out") -> 0 | F16: =COUNTIFS(Student_Masterlist!J:J,A16,Student_Masterlist!K:K,B16,Student_Masterlist!N:N,"Dropped") -> 0 | G16: =COUNTIFS(Student_Masterlist!J:J,A16,Student_Masterlist!K:K,B16) -> 20 | H16: Jessa Mae R. Flores
A17: Grade 4 | B17: TUGAS | C17: =COUNTIFS(Student_Masterlist!J:J,A17,Student_Masterlist!K:K,B17,Student_Masterlist!N:N,"Active") -> 16 | D17: =COUNTIFS(Student_Masterlist!J:J,A17,Student_Masterlist!K:K,B17,Student_Masterlist!N:N,"For Verification") -> 0 | E17: =COUNTIFS(Student_Masterlist!J:J,A17,Student_Masterlist!K:K,B17,Student_Masterlist!N:N,"Transferred Out") -> 0 | F17: =COUNTIFS(Student_Masterlist!J:J,A17,Student_Masterlist!K:K,B17,Student_Masterlist!N:N,"Dropped") -> 0 | G17: =COUNTIFS(Student_Masterlist!J:J,A17,Student_Masterlist!K:K,B17) -> 16 | H17: Alma C. Nayre
A18: Grade 5 | B18: LAUAAN | C18: =COUNTIFS(Student_Masterlist!J:J,A18,Student_Masterlist!K:K,B18,Student_Masterlist!N:N,"Active") -> 21 | D18: =COUNTIFS(Student_Masterlist!J:J,A18,Student_Masterlist!K:K,B18,Student_Masterlist!N:N,"For Verification") -> 0 | E18: =COUNTIFS(Student_Masterlist!J:J,A18,Student_Masterlist!K:K,B18,Student_Masterlist!N:N,"Transferred Out") -> 0 | F18: =COUNTIFS(Student_Masterlist!J:J,A18,Student_Masterlist!K:K,B18,Student_Masterlist!N:N,"Dropped") -> 0 | G18: =COUNTIFS(Student_Masterlist!J:J,A18,Student_Masterlist!K:K,B18) -> 21 | H18: Lendon B. Abonales
A19: Grade 6 | B19: YAKAL | C19: =COUNTIFS(Student_Masterlist!J:J,A19,Student_Masterlist!K:K,B19,Student_Masterlist!N:N,"Active") -> 33 | D19: =COUNTIFS(Student_Masterlist!J:J,A19,Student_Masterlist!K:K,B19,Student_Masterlist!N:N,"For Verification") -> 0 | E19: =COUNTIFS(Student_Masterlist!J:J,A19,Student_Masterlist!K:K,B19,Student_Masterlist!N:N,"Transferred Out") -> 0 | F19: =COUNTIFS(Student_Masterlist!J:J,A19,Student_Masterlist!K:K,B19,Student_Masterlist!N:N,"Dropped") -> 0 | G19: =COUNTIFS(Student_Masterlist!J:J,A19,Student_Masterlist!K:K,B19) -> 33 | H19: Mark Zoilo C. Tajonera

Sheet Student_Masterlist
A1: STUDENT DATA / ENROLLMENT MASTERLIST Use this sheet for official learner data from LIS export or manual enrollment updates. Replace placeholder learner names with actual student data.
A5: StudentID | B5: LRN | C5: LastName | D5: FirstName | E5: MiddleName | F5: FullName | G5: Sex | H5: Birthdate | I5: Age | J5: GradeLevel | K5: Section | L5: Adviser | M5: SchoolYear | N5: EnrollmentStatus | O5: DateEnrolled | P5: GuardianName | Q5: GuardianContact | R5: Address | S5: LIS_Status | T5: LastUpdated | U5: Source | V5: Remarks | W5: DataCheck
A6: 1 | B6: LRN-000000000001 | C6: Learner001 | D6: Sample | F6: =TRIM(D6&" "&E6&" "&C6) -> Sample Learner001 | I6: =IF(H6="","",DATEDIF(H6,TODAY(),"Y")) | J6: Kinder | K6: KAMAGONG | L6: Kinder Adviser | M6: 2026-2027 | N6: Active | O6: 46230 | S6: For LIS Verification | T6: 46230 | U6: Placeholder / Replace with LIS Export | W6: =IF(B6="","Missing LRN",IF(OR(J6="",K6=""),"Missing Grade/Section","OK")) -> OK
A7: 2 | B7: LRN-000000000002 | C7: Learner002 | D7: Sample | F7: =TRIM(D7&" "&E7&" "&C7) -> Sample Learner002 | I7: =IF(H7="","",DATEDIF(H7,TODAY(),"Y")) | J7: Kinder | K7: KAMAGONG | L7: Kinder Adviser | M7: 2026-2027 | N7: Active | O7: 46230 | S7: For LIS Verification | T7: 46230 | U7: Placeholder / Replace with LIS Export | W7: =IF(B7="","Missing LRN",IF(OR(J7="",K7=""),"Missing Grade/Section","OK")) -> OK
A8: 3 | B8: LRN-000000000003 | C8: Learner003 | D8: Sample | F8: =TRIM(D8&" "&E8&" "&C8) -> Sample Learner003 | I8: =IF(H8="","",DATEDIF(H8,TODAY(),"Y")) | J8: Kinder | K8: KAMAGONG | L8: Kinder Adviser | M8: 2026-2027 | N8: Active | O8: 46230 | S8: For LIS Verification | T8: 46230 | U8: Placeholder / Replace with LIS Export | W8: =IF(B8="","Missing LRN",IF(OR(J8="",K8=""),"Missing Grade/Section","OK")) -> OK
A9: 4 | B9: LRN-000000000004 | C9: Learner004 | D9: Sample | F9: =TRIM(D9&" "&E9&" "&C9) -> Sample Learner004 | I9: =IF(H9="","",DATEDIF(H9,TODAY(),"Y")) | J9: Kinder | K9: KAMAGONG | L9: Kinder Adviser | M9: 2026-2027 | N9: Active | O9: 46230 | S9: For LIS Verification | T9: 46230 | U9: Placeholder / Replace with LIS Export | W9: =IF(B9="","Missing LRN",IF(OR(J9="",K9=""),"Missing Grade/Section","OK")) -> OK
A10: 5 | B10: LRN-000000000005 | C10: Learner005 | D10: Sample | F10: =TRIM(D10&" "&E10&" "&C10) -> Sample Learner005 | I10: =IF(H10="","",DATEDIF(H10,TODAY(),"Y")) | J10: Kinder | K10: KAMAGONG | L10: Kinder Adviser | M10: 2026-2027 | N10: Active | O10: 46230 | S10: For LIS Verification | T10: 46230 | U10: Placeholder / Replace with LIS Export | W10: =IF(B10="","Missing LRN",IF(OR(J10="",K10=""),"Missing Grade/Section","OK")) -> OK
A11: 6 | B11: LRN-000000000006 | C11: Learner006 | D11: Sample | F11: =TRIM(D11&" "&E11&" "&C11) -> Sample Learner006 | I11: =IF(H11="","",DATEDIF(H11,TODAY(),"Y")) | J11: Kinder | K11: KAMAGONG | L11: Kinder Adviser | M11: 2026-2027 | N11: Active | O11: 46230 | S11: For LIS Verification | T11: 46230 | U11: Placeholder / Replace with LIS Export | W11: =IF(B11="","Missing LRN",IF(OR(J11="",K11=""),"Missing Grade/Section","OK")) -> OK
A12: 7 | B12: LRN-000000000007 | C12: Learner007 | D12: Sample | F12: =TRIM(D12&" "&E12&" "&C12) -> Sample Learner007 | I12: =IF(H12="","",DATEDIF(H12,TODAY(),"Y")) | J12: Kinder | K12: KAMAGONG | L12: Kinder Adviser | M12: 2026-2027 | N12: Active | O12: 46230 | S12: For LIS Verification | T12: 46230 | U12: Placeholder / Replace with LIS Export | W12: =IF(B12="","Missing LRN",IF(OR(J12="",K12=""),"Missing Grade/Section","OK")) -> OK
A13: 8 | B13: LRN-000000000008 | C13: Learner008 | D13: Sample | F13: =TRIM(D13&" "&E13&" "&C13) -> Sample Learner008 | I13: =IF(H13="","",DATEDIF(H13,TODAY(),"Y")) | J13: Kinder | K13: KAMAGONG | L13: Kinder Adviser | M13: 2026-2027 | N13: Active | O13: 46230 | S13: For LIS Verification | T13: 46230 | U13: Placeholder / Replace with LIS Export | W13: =IF(B13="","Missing LRN",IF(OR(J13="",K13=""),"Missing Grade/Section","OK")) -> OK
A14: 9 | B14: LRN-000000000009 | C14: Learner009 | D14: Sample | F14: =TRIM(D14&" "&E14&" "&C14) -> Sample Learner009 | I14: =IF(H14="","",DATEDIF(H14,TODAY(),"Y")) | J14: Kinder | K14: KAMAGONG | L14: Kinder Adviser | M14: 2026-2027 | N14: Active | O14: 46230 | S14: For LIS Verification | T14: 46230 | U14: Placeholder / Replace with LIS Export | W14: =IF(B14="","Missing LRN",IF(OR(J14="",K14=""),"Missing Grade/Section","OK")) -> OK
A15: 10 | B15: LRN-000000000010 | C15: Learner010 | D15: Sample | F15: =TRIM(D15&" "&E15&" "&C15) -> Sample Learner010 | I15: =IF(H15="","",DATEDIF(H15,TODAY(),"Y")) | J15: Kinder | K15: KAMAGONG | L15: Kinder Adviser | M15: 2026-2027 | N15: Active | O15: 46230 | S15: For LIS Verification | T15: 46230 | U15: Placeholder / Replace with LIS Export | W15: =IF(B15="","Missing LRN",IF(OR(J15="",K15=""),"Missing Grade/Section","OK")) -> OK
A16: 11 | B16: LRN-000000000011 | C16: Learner011 | D16: Sample | F16: =TRIM(D16&" "&E16&" "&C16) -> Sample Learner011 | I16: =IF(H16="","",DATEDIF(H16,TODAY(),"Y")) | J16: Kinder | K16: KAMAGONG | L16: Kinder Adviser | M16: 2026-2027 | N16: Active | O16: 46230 | S16: For LIS Verification | T16: 46230 | U16: Placeholder / Replace with LIS Export | W16: =IF(B16="","Missing LRN",IF(OR(J16="",K16=""),"Missing Grade/Section","OK")) -> OK
A17: 12 | B17: LRN-000000000012 | C17: Learner012 | D17: Sample | F17: =TRIM(D17&" "&E17&" "&C17) -> Sample Learner012 | I17: =IF(H17="","",DATEDIF(H17,TODAY(),"Y")) | J17: Kinder | K17: KAMAGONG | L17: Kinder Adviser | M17: 2026-2027 | N17: Active | O17: 46230 | S17: For LIS Verification | T17: 46230 | U17: Placeholder / Replace with LIS Export | W17: =IF(B17="","Missing LRN",IF(OR(J17="",K17=""),"Missing Grade/Section","OK")) -> OK
... A20: 15 | B20: LRN-000000000015 | C20: Learner015 | D20: Sample | F20: =TRIM(D20&" "&E20&" "&C20) -> Sample Learner015 | I20: =IF(H20="","",DATEDIF(H20,TODAY(),"Y")) | J20: Kinder | K20: KAMAGONG | L20: Kinder Adviser | M20: 2026-2027 | N20: Active | O20: 46230 | S20: For LIS Verification | T20: 46230 | U20: Placeholder / Replace with LIS Export | W20: =IF(B20="","Missing LRN",IF(OR(J20="",K20=""),"Missing Grade/Section","OK")) -> OK
A21: 16 | B21: For LRN Verification - Grade 1-131 | C21: AKABO | D21: RONEL F. | F21: =TRIM(D21&" "&E21&" "&C21) -> RONEL F. AKABO | G21: Male | I21: =IF(H21="","",DATEDIF(H21,TODAY(),"Y")) | J21: Grade 1 | K21: MAGKONO | L21: Jenny Queen L. Orillaneda | M21: 2026-2027 | N21: Active | O21: 46230 | S21: Name imported from MPS template | T21: 46230 | U21: GRADE-I-1ST-SUMMATIVE-MPS.xlsx | V21: Student name imported from assessment/MPS file. Official LRN, birthdate, guardian, and address still need SF1/LIS verification. | W21: Needs official LRN verification
A22: 17 | B22: For LRN Verification - Grade 1-131 | C22: AKABO | D22: ROWEL F. | F22: =TRIM(D22&" "&E22&" "&C22) -> ROWEL F. AKABO | G22: Male | I22: =IF(H22="","",DATEDIF(H22,TODAY(),"Y")) | J22: Grade 1 | K22: MAGKONO | L22: Jenny Queen L. Orillaneda | M22: 2026-2027 | N22: Active | O22: 46230 | S22: Name imported from MPS template | T22: 46230 | U22: GRADE-I-1ST-SUMMATIVE-MPS.xlsx | V22: Student name imported from assessment/MPS file. Official LRN, birthdate, guardian, and address still need SF1/LIS verification. | W22: Needs official LRN verification
A23: 18 | B23: For LRN Verification - Grade 1-131 | C23: BAUTISTA | D23: DARYL JR. | F23: =TRIM(D23&" "&E23&" "&C23) -> DARYL JR. BAUTISTA | G23: Male | I23: =IF(H23="","",DATEDIF(H23,TODAY(),"Y")) | J23: Grade 1 | K23: MAGKONO | L23: Jenny Queen L. Orillaneda | M23: 2026-2027 | N23: Active | O23: 46230 | S23: Name imported from MPS template | T23: 46230 | U23: GRADE-I-1ST-SUMMATIVE-MPS.xlsx | V23: Student name imported from assessment/MPS file. Official LRN, birthdate, guardian, and address still need SF1/LIS verification. | W23: Needs official LRN verification
A24: 19 | B24: For LRN Verification - Grade 1-131 | C24: CAÑESO | D24: RUILY D. | F24: =TRIM(D24&" "&E24&" "&C24) -> RUILY D. CAÑESO | G24: Male | I24: =IF(H24="","",DATEDIF(H24,TODAY(),"Y")) | J24: Grade 1 | K24: MAGKONO | L24: Jenny Queen L. Orillaneda | M24: 2026-2027 | N24: Active | O24: 46230 | S24: Name imported from MPS template | T24: 46230 | U24: GRADE-I-1ST-SUMMATIVE-MPS.xlsx | V24: Student name imported from assessment/MPS file. Official LRN, birthdate, guardian, and address still need SF1/LIS verification. | W24: Needs official LRN verification
A25: 20 | B25: For LRN Verification - Grade 1-131 | C25: LANANG | D25: ALJUN C. | F25: =TRIM(D25&" "&E25&" "&C25) -> ALJUN C. LANANG | G25: Male | I25: =IF(H25="","",DATEDIF(H25,TODAY(),"Y")) | J25: Grade 1 | K25: MAGKONO | L25: Jenny Queen L. Orillaneda | M25: 2026-2027 | N25: Active | O25: 46230 | S25: Name imported from MPS template | T25: 46230 | U25: GRADE-I-1ST-SUMMATIVE-MPS.xlsx | V25: Student name imported from assessment/MPS file. Official LRN, birthdate, guardian, and address still need SF1/LIS verification. | W25: Needs official LRN verification
A26: 21 | B26: For LRN Verification - Grade 1-131 | C26: LANANG | D26: MARVIN O. | F26: =TRIM(D26&" "&E26&" "&C26) -> MARVIN O. LANANG | G26: Male | I26: =IF(H26="","",DATEDIF(H26,TODAY(),"Y")) | J26: Grade 1 | K26: MAGKONO | L26: Jenny Queen L. Orillaneda | M26: 2026-2027 | N26: Active | O26: 46230 | S26: Name imported from MPS template | T26: 46230 | U26: GRADE-I-1ST-SUMMATIVE-MPS.xlsx | V26: Student name imported from assessment/MPS file. Official LRN, birthdate, guardian, and address still need SF1/LIS verification. | W26: Needs official LRN verification
A27: 22 | B27: For LRN Verification - Grade 1-131 | C27: LOGRONIO | D27: LARCON M. | F27: =TRIM(D27&" "&E27&" "&C27) -> LARCON M. LOGRONIO | G27: Male | I27: =IF(H27="","",DATEDIF(H27,TODAY(),"Y")) | J27: Grade 1 | K27: MAGKONO | L27: Jenny Queen L. Orillaneda | M27: 2026-2027 | N27: Active | O27: 46230 | S27: Name imported from MPS template | T27: 46230 | U27: GRADE-I-1ST-SUMMATIVE-MPS.xlsx | V27: Student name imported from assessment/MPS file. Official LRN, birthdate, guardian, and address still need SF1/LIS verification. | W27: Needs official LRN verification
A28: 23 | B28: For LRN Verification - Grade 1-131 | C28: RIVAS | D28: LEO JOHN M. | F28: =TRIM(D28&" "&E28&" "&C28) -> LEO JOHN M. RIVAS | G28: Male | I28: =IF(H28="","",DATEDIF(H28,TODAY(),"Y")) | J28: Grade 1 | K28: MAGKONO | L28: Jenny Queen L. Orillaneda | M28: 2026-2027 | N28: Active | O28: 46230 | S28: Name imported from MPS template | T28: 46230 | U28: GRADE-I-1ST-SUMMATIVE-MPS.xlsx | V28: Student name imported from assessment/MPS file. Official LRN, birthdate, guardian, and address still need SF1/LIS verification. | W28: Needs official LRN verification
A29: 24 | B29: For LRN Verification - Grade 1-131 | C29: TAÑOLA | D29: JONATHAN JR. | F29: =TRIM(D29&" "&E29&" "&C29) -> JONATHAN JR. TAÑOLA | G29: Male | I29: =IF(H29="","",DATEDIF(H29,TODAY(),"Y")) | J29: Grade 1 | K29: MAGKONO | L29: Jenny Queen L. Orillaneda | M29: 2026-2027 | N29: Active | O29: 46230 | S29: Name imported from MPS template | T29: 46230 | U29: GRADE-I-1ST-SUMMATIVE-MPS.xlsx | V29: Student name imported from assessment/MPS file. Official LRN, birthdate, guardian, and address still need SF1/LIS verification. | W29: Needs official LRN verification
A30: 25 | B30: For LRN Verification - Grade 1-131 | C30: TANOLA | D30: NELMAR L. | F30: =TRIM(D30&" "&E30&" "&C30) -> NELMAR L. TANOLA | G30: Male | I30: =IF(H30="","",DATEDIF(H30,TODAY(),"Y")) | J30: Grade 1 | K30: MAGKONO | L30: Jenny Queen L. Orillaneda | M30: 2026-2027 | N30: Active | O30: 46230 | S30: Name imported from MPS template | T30: 46230 | U30: GRADE-I-1ST-SUMMATIVE-MPS.xlsx | V30: Student name imported from assessment/MPS file. Official LRN, birthdate, guardian, and address still need SF1/LIS verification. | W30: Needs official LRN verification
A31: 26 | B31: For LRN Verification - Grade 1-131 | C31: ALMONTE | D31: CHRISTINE MAE M. | F31: =TRIM(D31&" "&E31&" "&C31) -> CHRISTINE MAE M. ALMONTE | G31: Female | I31: =IF(H31="","",DATEDIF(H31,TODAY(),"Y")) | J31: Grade 1 | K31: MAGKONO | L31: Jenny Queen L. Orillaneda | M31: 2026-2027 | N31: Active | O31: 46230 | S31: Name imported from MPS template | T31: 46230 | U31: GRADE-I-1ST-SUMMATIVE-MPS.xlsx | V31: Student name imported from assessment/MPS file. Official LRN, birthdate, guardian, and address still need SF1/LIS verification. | W31: Needs official LRN verification
A32: 27 | B32: For LRN Verification - Grade 1-131 | C32: CAÑESO | D32: ASHLEY D | F32: =TRIM(D32&" "&E32&" "&C32) -> ASHLEY D CAÑESO | G32: Female | I32: =IF(H32="","",DATEDIF(H32,TODAY(),"Y")) | J32: Grade 1 | K32: MAGKONO | L32: Jenny Queen L. Orillaneda | M32: 2026-2027 | N32: Active | O32: 46230 | S32: Name imported from MPS template | T32: 46230 | U32: GRADE-I-1ST-SUMMATIVE-MPS.xlsx | V32: Student name imported from assessment/MPS file. Official LRN, birthdate, guardian, and address still need SF1/LIS verification. | W32: Needs official LRN verification
... A55: 50 | B55: For LRN Verification - Grade 2-131 | C55: TOBIANO | D55: PRINCESS SOFIA B. | F55: =TRIM(D55&" "&E55&" "&C55) -> PRINCESS SOFIA B. TOBIANO | G55: Female | I55: =IF(H55="","",DATEDIF(H55,TODAY(),"Y")) | J55: Grade 2 | K55: NARRA | L55: Maria Fatima R. Peñanueva | M55: 2026-2027 | N55: Active | O55: 46230 | S55: Name imported from MPS template | T55: 46230 | U55: GRADE-2-1ST-SUMMATIVE-MPS.xlsx | V55: Student name imported from assessment/MPS file. Official LRN, birthdate, guardian, and address still need SF1/LIS verification. | W55: Needs official LRN verification
A56: 51 | B56: LRN-000000000051 | C56: Learner051 | D56: Sample | F56: =TRIM(D56&" "&E56&" "&C56) -> Sample Learner051 | I56: =IF(H56="","",DATEDIF(H56,TODAY(),"Y")) | J56: Grade 2 | K56: NARRA | L56: Maria Fatima R. Peñanueva | M56: 2026-2027 | N56: Active | O56: 46230 | S56: No name in uploaded MPS file | T56: 46230 | U56: Placeholder pending official SF1/LIS | W56: Placeholder / Needs student name
A57: 52 | B57: LRN-000000000052 | C57: Learner052 | D57: Sample | F57: =TRIM(D57&" "&E57&" "&C57) -> Sample Learner052 | I57: =IF(H57="","",DATEDIF(H57,TODAY(),"Y")) | J57: Grade 2 | K57: NARRA | L57: Maria Fatima R. Peñanueva | M57: 2026-2027 | N57: Active | O57: 46230 | S57: No name in uploaded MPS file | T57: 46230 | U57: Placeholder pending official SF1/LIS | W57: Placeholder / Needs student name
A58: 53 | B58: LRN-000000000053 | C58: Learner053 | D58: Sample | F58: =TRIM(D58&" "&E58&" "&C58) -> Sample Learner053 | I58: =IF(H58="","",DATEDIF(H58,TODAY(),"Y")) | J58: Grade 2 | K58: NARRA | L58: Maria Fatima R. Peñanueva | M58: 2026-2027 | N58: Active | O58: 46230 | S58: No name in uploaded MPS file | T58: 46230 | U58: Placeholder pending official SF1/LIS | W58: Placeholder / Needs student name
A59: 54 | B59: LRN-000000000054 | C59: Learner054 | D59: Sample | F59: =TRIM(D59&" "&E59&" "&C59) -> Sample Learner054 | I59: =IF(H59="","",DATEDIF(H59,TODAY(),"Y")) | J59: Grade 2 | K59: NARRA | L59: Maria Fatima R. Peñanueva | M59: 2026-2027 | N59: Active | O59: 46230 | S59: No name in uploaded MPS file | T59: 46230 | U59: Placeholder pending official SF1/LIS | W59: Placeholder / Needs student name
A60: 55 | B60: LRN-000000000055 | C60: Learner055 | D60: Sample | F60: =TRIM(D60&" "&E60&" "&C60) -> Sample Learner055 | I60: =IF(H60="","",DATEDIF(H60,TODAY(),"Y")) | J60: Grade 2 | K60: NARRA | L60: Maria Fatima R. Peñanueva | M60: 2026-2027 | N60: Active | O60: 46230 | S60: No name in uploaded MPS file | T60: 46230 | U60: Placeholder pending official SF1/LIS | W60: Placeholder / Needs student name
A61: 56 | B61: LRN-000000000056 | C61: Learner056 | D61: Sample | F61: =TRIM(D61&" "&E61&" "&C61) -> Sample Learner056 | I61: =IF(H61="","",DATEDIF(H61,TODAY(),"Y")) | J61: Grade 3 | K61: TOOG | L61: Jessa Mae R. Flores | M61: 2026-2027 | N61: Active | O61: 46230 | S61: For LIS Verification | T61: 46230 | U61: Placeholder / Replace with LIS Export | W61: =IF(B61="","Missing LRN",IF(OR(J61="",K61=""),"Missing Grade/Section","OK")) -> OK
A62: 57 | B62: LRN-000000000057 | C62: Learner057 | D62: Sample | F62: =TRIM(D62&" "&E62&" "&C62) -> Sample Learner057 | I62: =IF(H62="","",DATEDIF(H62,TODAY(),"Y")) | J62: Grade 3 | K62: TOOG | L62: Jessa Mae R. Flores | M62: 2026-2027 | N62: Active | O62: 46230 | S62: For LIS Verification | T62: 46230 | U62: Placeholder / Replace with LIS Export | W62: =IF(B62="","Missing LRN",IF(OR(J62="",K62=""),"Missing Grade/Section","OK")) -> OK
A63: 58 | B63: LRN-000000000058 | C63: Learner058 | D63: Sample | F63: =TRIM(D63&" "&E63&" "&C63) -> Sample Learner058 | I63: =IF(H63="","",DATEDIF(H63,TODAY(),"Y")) | J63: Grade 3 | K63: TOOG | L63: Jessa Mae R. Flores | M63: 2026-2027 | N63: Active | O63: 46230 | S63: For LIS Verification | T63: 46230 | U63: Placeholder / Replace with LIS Export | W63: =IF(B63="","Missing LRN",IF(OR(J63="",K63=""),"Missing Grade/Section","OK")) -> OK
A64: 59 | B64: LRN-000000000059 | C64: Learner059 | D64: Sample | F64: =TRIM(D64&" "&E64&" "&C64) -> Sample Learner059 | I64: =IF(H64="","",DATEDIF(H64,TODAY(),"Y")) | J64: Grade 3 | K64: TOOG | L64: Jessa Mae R. Flores | M64: 2026-2027 | N64: Active | O64: 46230 | S64: For LIS Verification | T64: 46230 | U64: Placeholder / Replace with LIS Export | W64: =IF(B64="","Missing LRN",IF(OR(J64="",K64=""),"Missing Grade/Section","OK")) -> OK
A65: 60 | B65: LRN-000000000060 | C65: Learner060 | D65: Sample | F65: =TRIM(D65&" "&E65&" "&C65) -> Sample Learner060 | I65: =IF(H65="","",DATEDIF(H65,TODAY(),"Y")) | J65: Grade 3 | K65: TOOG | L65: Jessa Mae R. Flores | M65: 2026-2027 | N65: Active | O65: 46230 | S65: For LIS Verification | T65: 46230 | U65: Placeholder / Replace with LIS Export | W65: =IF(B65="","Missing LRN",IF(OR(J65="",K65=""),"Missing Grade/Section","OK")) -> OK
A66: 61 | B66: LRN-000000000061 | C66: Learner061 | D66: Sample | F66: =TRIM(D66&" "&E66&" "&C66) -> Sample Learner061 | I66: =IF(H66="","",DATEDIF(H66,TODAY(),"Y")) | J66: Grade 3 | K66: TOOG | L66: Jessa Mae R. Flores | M66: 2026-2027 | N66: Active | O66: 46230 | S66: For LIS Verification | T66: 46230 | U66: Placeholder / Replace with LIS Export | W66: =IF(B66="","Missing LRN",IF(OR(J66="",K66=""),"Missing Grade/Section","OK")) -> OK
A67: 62 | B67: LRN-000000000062 | C67: Learner062 | D67: Sample | F67: =TRIM(D67&" "&E67&" "&C67) -> Sample Learner062 | I67: =IF(H67="","",DATEDIF(H67,TODAY(),"Y")) | J67: Grade 3 | K67: TOOG | L67: Jessa Mae R. Flores | M67: 2026-2027 | N67: Active | O67: 46230 | S67: For LIS Verification | T67: 46230 | U67: Placeholder / Replace with LIS Export | W67: =IF(B67="","Missing LRN",IF(OR(J67="",K67=""),"Missing Grade/Section","OK")) -> OK
A68: 63 | B68: LRN-000000000063 | C68: Learner063 | D68: Sample | F68: =TRIM(D68&" "&E68&" "&C68) -> Sample Learner063 | I68: =IF(H68="","",DATEDIF(H68,TODAY(),"Y")) | J68: Grade 3 | K68: TOOG | L68: Jessa Mae R. Flores | M68: 2026-2027 | N68: Active | O68: 46230 | S68: For LIS Verification | T68: 46230 | U68: Placeholder / Replace with LIS Export | W68: =IF(B68="","Missing LRN",IF(OR(J68="",K68=""),"Missing Grade/Section","OK")) -> OK
A69: 64 | B69: LRN-000000000064 | C69: Learner064 | D69: Sample | F69: =TRIM(D69&" "&E69&" "&C69) -> Sample Learner064 | I69: =IF(H69="","",DATEDIF(H69,TODAY(),"Y")) | J69: Grade 3 | K69: TOOG | L69: Jessa Mae R. Flores | M69: 2026-2027 | N69: Active | O69: 46230 | S69: For LIS Verification | T69: 46230 | U69: Placeholder / Replace with LIS Export | W69: =IF(B69="","Missing LRN",IF(OR(J69="",K69=""),"Missing Grade/Section","OK")) -> OK
A70: 65 | B70: LRN-000000000065 | C70: Learner065 | D70: Sample | F70: =TRIM(D70&" "&E70&" "&C70) -> Sample Learner065 | I70: =IF(H70="","",DATEDIF(H70,TODAY(),"Y")) | J70: Grade 3 | K70: TOOG | L70: Jessa Mae R. Flores | M70: 2026-2027 | N70: Active | O70: 46230 | S70: For LIS Verification | T70: 46230 | U70: Placeholder / Replace with LIS Export | W70: =IF(B70="","Missing LRN",IF(OR(J70="",K70=""),"Missing Grade/Section","OK")) -> OK
A71: 66 | B71: LRN-000000000066 | C71: Learner066 | D71: Sample | F71: =TRIM(D71&" "&E71&" "&C71) -> Sample Learner066 | I71: =IF(H71="","",DATEDIF(H71,TODAY(),"Y")) | J71: Grade 3 | K71: TOOG | L71: Jessa Mae R. Flores | M71: 2026-2027 | N71: Active | O71: 46230 | S71: For LIS Verification | T71: 46230 | U71: Placeholder / Replace with LIS Export | W71: =IF(B71="","Missing LRN",IF(OR(J71="",K71=""),"Missing Grade/Section","OK")) -> OK
A72: 67 | B72: LRN-000000000067 | C72: Learner067 | D72: Sample | F72: =TRIM(D72&" "&E72&" "&C72) -> Sample Learner067 | I72: =IF(H72="","",DATEDIF(H72,TODAY(),"Y")) | J72: Grade 3 | K72: TOOG | L72: Jessa Mae R. Flores | M72: 2026-2027 | N72: Active | O72: 46230 | S72: For LIS Verification | T72: 46230 | U72: Placeholder / Replace with LIS Export | W72: =IF(B72="","Missing LRN",IF(OR(J72="",K72=""),"Missing Grade/Section","OK")) -> OK
... A80: 75 | B80: LRN-000000000075 | C80: Learner075 | D80: Sample | F80: =TRIM(D80&" "&E80&" "&C80) -> Sample Learner075 | I80: =IF(H80="","",DATEDIF(H80,TODAY(),"Y")) | J80: Grade 3 | K80: TOOG | L80: Jessa Mae R. Flores | M80: 2026-2027 | N80: Active | O80: 46230 | S80: For LIS Verification | T80: 46230 | U80: Placeholder / Replace with LIS Export | W80: =IF(B80="","Missing LRN",IF(OR(J80="",K80=""),"Missing Grade/Section","OK")) -> OK
A81: 76 | B81: For LRN Verification - Grade 4-131 | C81: CAMAYLONGAN | D81: JOVEN D. | F81: =TRIM(D81&" "&E81&" "&C81) -> JOVEN D. CAMAYLONGAN | I81: =IF(H81="","",DATEDIF(H81,TODAY(),"Y")) | J81: Grade 4 | K81: TUGAS | L81: Alma C. Nayre | M81: 2026-2027 | N81: Active | O81: 46230 | S81: Name imported from MPS template | T81: 46230 | U81: MPS_TERM-1-SUMMATIVE-TEST-1_GRADE-4-SY-2026-2027.xlsx | V81: Student name imported from assessment/MPS file. Official LRN, birthdate, guardian, and address still need SF1/LIS verification. | W81: Needs official LRN verification
A82: 77 | B82: For LRN Verification - Grade 4-131 | C82: GOMEZ | D82: JEFREY G. | F82: =TRIM(D82&" "&E82&" "&C82) -> JEFREY G. GOMEZ | I82: =IF(H82="","",DATEDIF(H82,TODAY(),"Y")) | J82: Grade 4 | K82: TUGAS | L82: Alma C. Nayre | M82: 2026-2027 | N82: Active | O82: 46230 | S82: Name imported from MPS template | T82: 46230 | U82: MPS_TERM-1-SUMMATIVE-TEST-1_GRADE-4-SY-2026-2027.xlsx | V82: Student name imported from assessment/MPS file. Official LRN, birthdate, guardian, and address still need SF1/LIS verification. | W82: Needs official LRN verification
A83: 78 | B83: For LRN Verification - Grade 4-131 | C83: LAGURA | D83: RICHARD N. | F83: =TRIM(D83&" "&E83&" "&C83) -> RICHARD N. LAGURA | I83: =IF(H83="","",DATEDIF(H83,TODAY(),"Y")) | J83: Grade 4 | K83: TUGAS | L83: Alma C. Nayre | M83: 2026-2027 | N83: Active | O83: 46230 | S83: Name imported from MPS template | T83: 46230 | U83: MPS_TERM-1-SUMMATIVE-TEST-1_GRADE-4-SY-2026-2027.xlsx | V83: Student name imported from assessment/MPS file. Official LRN, birthdate, guardian, and address still need SF1/LIS verification. | W83: Needs official LRN verification
A84: 79 | B84: For LRN Verification - Grade 4-131 | C84: RIVAS | D84: JOSELITO A. | F84: =TRIM(D84&" "&E84&" "&C84) -> JOSELITO A. RIVAS | I84: =IF(H84="","",DATEDIF(H84,TODAY(),"Y")) | J84: Grade 4 | K84: TUGAS | L84: Alma C. Nayre | M84: 2026-2027 | N84: Active | O84: 46230 | S84: Name imported from MPS template | T84: 46230 | U84: MPS_TERM-1-SUMMATIVE-TEST-1_GRADE-4-SY-2026-2027.xlsx | V84: Student name imported from assessment/MPS file. Official LRN, birthdate, guardian, and address still need SF1/LIS verification. | W84: Needs official LRN verification
A85: 80 | B85: For LRN Verification - Grade 4-131 | C85: ABERIO | D85: MISHELLE S. | F85: =TRIM(D85&" "&E85&" "&C85) -> MISHELLE S. ABERIO | I85: =IF(H85="","",DATEDIF(H85,TODAY(),"Y")) | J85: Grade 4 | K85: TUGAS | L85: Alma C. Nayre | M85: 2026-2027 | N85: Active | O85: 46230 | S85: Name imported from MPS template | T85: 46230 | U85: MPS_TERM-1-SUMMATIVE-TEST-1_GRADE-4-SY-2026-2027.xlsx | V85: Student name imported from assessment/MPS file. Official LRN, birthdate, guardian, and address still need SF1/LIS verification. | W85: Needs official LRN verification
A86: 81 | B86: For LRN Verification - Grade 4-131 | C86: BASCO | D86: RIANNA MAE C. | F86: =TRIM(D86&" "&E86&" "&C86) -> RIANNA MAE C. BASCO | I86: =IF(H86="","",DATEDIF(H86,TODAY(),"Y")) | J86: Grade 4 | K86: TUGAS | L86: Alma C. Nayre | M86: 2026-2027 | N86: Active | O86: 46230 | S86: Name imported from MPS template | T86: 46230 | U86: MPS_TERM-1-SUMMATIVE-TEST-1_GRADE-4-SY-2026-2027.xlsx | V86: Student name imported from assessment/MPS file. Official LRN, birthdate, guardian, and address still need SF1/LIS verification. | W86: Needs official LRN verification
A87: 82 | B87: For LRN Verification - Grade 4-131 | C87: GOMEZ | D87: JENNY G. | F87: =TRIM(D87&" "&E87&" "&C87) -> JENNY G. GOMEZ | I87: =IF(H87="","",DATEDIF(H87,TODAY(),"Y")) | J87: Grade 4 | K87: TUGAS | L87: Alma C. Nayre | M87: 2026-2027 | N87: Active | O87: 46230 | S87: Name imported from MPS template | T87: 46230 | U87: MPS_TERM-1-SUMMATIVE-TEST-1_GRADE-4-SY-2026-2027.xlsx | V87: Student name imported from assessment/MPS file. Official LRN, birthdate, guardian, and address still need SF1/LIS verification. | W87: Needs official LRN verification
A88: 83 | B88: For LRN Verification - Grade 4-131 | C88: JALANDONI | D88: MIERRA Q. | F88: =TRIM(D88&" "&E88&" "&C88) -> MIERRA Q. JALANDONI | I88: =IF(H88="","",DATEDIF(H88,TODAY(),"Y")) | J88: Grade 4 | K88: TUGAS | L88: Alma C. Nayre | M88: 2026-2027 | N88: Active | O88: 46230 | S88: Name imported from MPS template | T88: 46230 | U88: MPS_TERM-1-SUMMATIVE-TEST-1_GRADE-4-SY-2026-2027.xlsx | V88: Student name imported from assessment/MPS file. Official LRN, birthdate, guardian, and address still need SF1/LIS verification. | W88: Needs official LRN verification
A89: 84 | B89: For LRN Verification - Grade 4-131 | C89: LAURENTE | D89: JHESIEN CLAIRE | F89: =TRIM(D89&" "&E89&" "&C89) -> JHESIEN CLAIRE LAURENTE | I89: =IF(H89="","",DATEDIF(H89,TODAY(),"Y")) | J89: Grade 4 | K89: TUGAS | L89: Alma C. Nayre | M89: 2026-2027 | N89: Active | O89: 46230 | S89: Name imported from MPS template | T89: 46230 | U89: MPS_TERM-1-SUMMATIVE-TEST-1_GRADE-4-SY-2026-2027.xlsx | V89: Student name imported from assessment/MPS file. Official LRN, birthdate, guardian, and address still need SF1/LIS verification. | W89: Needs official LRN verification
A90: 85 | B90: For LRN Verification - Grade 4-131 | C90: LAURON | D90: ALTHEA R. | F90: =TRIM(D90&" "&E90&" "&C90) -> ALTHEA R. LAURON | I90: =IF(H90="","",DATEDIF(H90,TODAY(),"Y")) | J90: Grade 4 | K90: TUGAS | L90: Alma C. Nayre | M90: 2026-2027 | N90: Active | O90: 46230 | S90: Name imported from MPS template | T90: 46230 | U90: MPS_TERM-1-SUMMATIVE-TEST-1_GRADE-4-SY-2026-2027.xlsx | V90: Student name imported from assessment/MPS file. Official LRN, birthdate, guardian, and address still need SF1/LIS verification. | W90: Needs official LRN verification
A91: 86 | B91: For LRN Verification - Grade 4-131 | C91: LOGRONIO | D91: MECHEL JANE Q. | F91: =TRIM(D91&" "&E91&" "&C91) -> MECHEL JANE Q. LOGRONIO | I91: =IF(H91="","",DATEDIF(H91,TODAY(),"Y")) | J91: Grade 4 | K91: TUGAS | L91: Alma C. Nayre | M91: 2026-2027 | N91: Active | O91: 46230 | S91: Name imported from MPS template | T91: 46230 | U91: MPS_TERM-1-SUMMATIVE-TEST-1_GRADE-4-SY-2026-2027.xlsx | V91: Student name imported from assessment/MPS file. Official LRN, birthdate, guardian, and address still need SF1/LIS verification. | W91: Needs official LRN verification
A92: 87 | B92: For LRN Verification - Grade 4-131 | C92: MESOLIS | D92: RHEA JANE P. | F92: =TRIM(D92&" "&E92&" "&C92) -> RHEA JANE P. MESOLIS | I92: =IF(H92="","",DATEDIF(H92,TODAY(),"Y")) | J92: Grade 4 | K92: TUGAS | L92: Alma C. Nayre | M92: 2026-2027 | N92: Active | O92: 46230 | S92: Name imported from MPS template | T92: 46230 | U92: MPS_TERM-1-SUMMATIVE-TEST-1_GRADE-4-SY-2026-2027.xlsx | V92: Student name imported from assessment/MPS file. Official LRN, birthdate, guardian, and address still need SF1/LIS verification. | W92: Needs official LRN verification
... A96: 91 | B96: For LRN Verification - Grade 4-131 | C96: VISCAYNO | D96: LEA JOY R. | F96: =TRIM(D96&" "&E96&" "&C96) -> LEA JOY R. VISCAYNO | I96: =IF(H96="","",DATEDIF(H96,TODAY(),"Y")) | J96: Grade 4 | K96: TUGAS | L96: Alma C. Nayre | M96: 2026-2027 | N96: Active | O96: 46230 | S96: Name imported from MPS template | T96: 46230 | U96: MPS_TERM-1-SUMMATIVE-TEST-1_GRADE-4-SY-2026-2027.xlsx | V96: Student name imported from assessment/MPS file. Official LRN, birthdate, guardian, and address still need SF1/LIS verification. | W96: Needs official LRN verification
A97: 92 | B97: For LRN Verification - Grade 5-131 | C97: ALMONTE | D97: KARL | E97: OSORIO | F97: =TRIM(D97&" "&E97&" "&C97) -> KARL OSORIO ALMONTE | I97: =IF(H97="","",DATEDIF(H97,TODAY(),"Y")) | J97: Grade 5 | K97: LAUAAN | L97: Lendon B. Abonales | M97: 2026-2027 | N97: Active | O97: 46230 | S97: Name imported from MPS template | T97: 46230 | U97: TEMPLATE_G5-MPS_TERM-1-SUMMATIVE-TEST-1_SY-2026-2027.xlsx | V97: Student name imported from assessment/MPS file. Official LRN, birthdate, guardian, and address still need SF1/LIS verification. | W97: Needs official LRN verification
A98: 93 | B98: For LRN Verification - Grade 5-131 | C98: BUNDAN | D98: FRANCIS PAUL | E98: LIBORA | F98: =TRIM(D98&" "&E98&" "&C98) -> FRANCIS PAUL LIBORA BUNDAN | I98: =IF(H98="","",DATEDIF(H98,TODAY(),"Y")) | J98: Grade 5 | K98: LAUAAN | L98: Lendon B. Abonales | M98: 2026-2027 | N98: Active | O98: 46230 | S98: Name imported from MPS template | T98: 46230 | U98: TEMPLATE_G5-MPS_TERM-1-SUMMATIVE-TEST-1_SY-2026-2027.xlsx | V98: Student name imported from assessment/MPS file. Official LRN, birthdate, guardian, and address still need SF1/LIS verification. | W98: Needs official LRN verification
A99: 94 | B99: For LRN Verification - Grade 5-131 | C99: DUMABOK | D99: JHON MARK | E99: RIVAS | F99: =TRIM(D99&" "&E99&" "&C99) -> JHON MARK RIVAS DUMABOK | I99: =IF(H99="","",DATEDIF(H99,TODAY(),"Y")) | J99: Grade 5 | K99: LAUAAN | L99: Lendon B. Abonales | M99: 2026-2027 | N99: Active | O99: 46230 | S99: Name imported from MPS template | T99: 46230 | U99: TEMPLATE_G5-MPS_TERM-1-SUMMATIVE-TEST-1_SY-2026-2027.xlsx | V99: Student name imported from assessment/MPS file. Official LRN, birthdate, guardian, and address still need SF1/LIS verification. | W99: Needs official LRN verification
A100: 95 | B100: For LRN Verification - Grade 5-131 | C100: ESTRELLA | D100: ROGELLIO | E100: PANES | F100: =TRIM(D100&" "&E100&" "&C100) -> ROGELLIO PANES ESTRELLA | I100: =IF(H100="","",DATEDIF(H100,TODAY(),"Y")) | J100: Grade 5 | K100: LAUAAN | L100: Lendon B. Abonales | M100: 2026-2027 | N100: Active | O100: 46230 | S100: Name imported from MPS template | T100: 46230 | U100: TEMPLATE_G5-MPS_TERM-1-SUMMATIVE-TEST-1_SY-2026-2027.xlsx | V100: Student name imported from assessment/MPS file. Official LRN, birthdate, guardian, and address still need SF1/LIS verification. | W100: Needs official LRN verification
A101: 96 | B101: For LRN Verification - Grade 5-131 | C101: GONZAGA | D101: JHENO | E101: SAROCAM | F101: =TRIM(D101&" "&E101&" "&C101) -> JHENO SAROCAM GONZAGA | I101: =IF(H101="","",DATEDIF(H101,TODAY(),"Y")) | J101: Grade 5 | K101: LAUAAN | L101: Lendon B. Abonales | M101: 2026-2027 | N101: Active | O101: 46230 | S101: Name imported from MPS template | T101: 46230 | U101: TEMPLATE_G5-MPS_TERM-1-SUMMATIVE-TEST-1_SY-2026-2027.xlsx | V101: Student name imported from assessment/MPS file. Official LRN, birthdate, guardian, and address still need SF1/LIS verification. | W101: Needs official LRN verification
A102: 97 | B102: For LRN Verification - Grade 5-131 | C102: JUALO | D102: PRINCE ALDEN | F102: =TRIM(D102&" "&E102&" "&C102) -> PRINCE ALDEN JUALO | I102: =IF(H102="","",DATEDIF(H102,TODAY(),"Y")) | J102: Grade 5 | K102: LAUAAN | L102: Lendon B. Abonales | M102: 2026-2027 | N102: Active | O102: 46230 | S102: Name imported from MPS template | T102: 46230 | U102: TEMPLATE_G5-MPS_TERM-1-SUMMATIVE-TEST-1_SY-2026-2027.xlsx | V102: Student name imported from assessment/MPS file. Official LRN, birthdate, guardian, and address still need SF1/LIS verification. | W102: Needs official LRN verification
A103: 98 | B103: For LRN Verification - Grade 5-131 | C103: RAMIS | D103: JAYLOU | E103: INDE | F103: =TRIM(D103&" "&E103&" "&C103) -> JAYLOU INDE RAMIS | I103: =IF(H103="","",DATEDIF(H103,TODAY(),"Y")) | J103: Grade 5 | K103: LAUAAN | L103: Lendon B. Abonales | M103: 2026-2027 | N103: Active | O103: 46230 | S103: Name imported from MPS template | T103: 46230 | U103: TEMPLATE_G5-MPS_TERM-1-SUMMATIVE-TEST-1_SY-2026-2027.xlsx | V103: Student name imported from assessment/MPS file. Official LRN, birthdate, guardian, and address still need SF1/LIS verification. | W103: Needs official LRN verification
A104: 99 | B104: For LRN Verification - Grade 5-131 | C104: TAWIDE | D104: EZEQUIL | E104: TANOLA | F104: =TRIM(D104&" "&E104&" "&C104) -> EZEQUIL TANOLA TAWIDE | I104: =IF(H104="","",DATEDIF(H104,TODAY(),"Y")) | J104: Grade 5 | K104: LAUAAN | L104: Lendon B. Abonales | M104: 2026-2027 | N104: Active | O104: 46230 | S104: Name imported from MPS template | T104: 46230 | U104: TEMPLATE_G5-MPS_TERM-1-SUMMATIVE-TEST-1_SY-2026-2027.xlsx | V104: Student name imported from assessment/MPS file. Official LRN, birthdate, guardian, and address still need SF1/LIS verification. | W104: Needs official LRN verification
A105: 100 | B105: For LRN Verification - Grade 5-131 | C105: TABURADA | D105: JAYBERT | E105: BAGUNA | F105: =TRIM(D105&" "&E105&" "&C105) -> JAYBERT BAGUNA TABURADA | I105: =IF(H105="","",DATEDIF(H105,TODAY(),"Y")) | J105: Grade 5 | K105: LAUAAN | L105: Lendon B. Abonales | M105: 2026-2027 | N105: Active | O105: 46230 | S105: Name imported from MPS template | T105: 46230 | U105: TEMPLATE_G5-MPS_TERM-1-SUMMATIVE-TEST-1_SY-2026-2027.xlsx | V105: Student name imported from assessment/MPS file. Official LRN, birthdate, guardian, and address still need SF1/LIS verification. | W105: Needs official LRN verification
A106: 101 | B106: For LRN Verification - Grade 5-131 | C106: TISMO | D106: LAURENCE | E106: BAUTISTA | F106: =TRIM(D106&" "&E106&" "&C106) -> LAURENCE BAUTISTA TISMO | I106: =IF(H106="","",DATEDIF(H106,TODAY(),"Y")) | J106: Grade 5 | K106: LAUAAN | L106: Lendon B. Abonales | M106: 2026-2027 | N106: Active | O106: 46230 | S106: Name imported from MPS template | T106: 46230 | U106: TEMPLATE_G5-MPS_TERM-1-SUMMATIVE-TEST-1_SY-2026-2027.xlsx | V106: Student name imported from assessment/MPS file. Official LRN, birthdate, guardian, and address still need SF1/LIS verification. | W106: Needs official LRN verification
A107: 102 | B107: For LRN Verification - Grade 5-131 | C107: AKABO | D107: ROWENA | E107: FRANCISCO | F107: =TRIM(D107&" "&E107&" "&C107) -> ROWENA FRANCISCO AKABO | I107: =IF(H107="","",DATEDIF(H107,TODAY(),"Y")) | J107: Grade 5 | K107: LAUAAN | L107: Lendon B. Abonales | M107: 2026-2027 | N107: Active | O107: 46230 | S107: Name imported from MPS template | T107: 46230 | U107: TEMPLATE_G5-MPS_TERM-1-SUMMATIVE-TEST-1_SY-2026-2027.xlsx | V107: Student name imported from assessment/MPS file. Official LRN, birthdate, guardian, and address still need SF1/LIS verification. | W107: Needs official LRN verification
A108: 103 | B108: For LRN Verification - Grade 5-131 | C108: BADA | D108: DIAN | E108: LOGRONIO | F108: =TRIM(D108&" "&E108&" "&C108) -> DIAN LOGRONIO BADA | I108: =IF(H108="","",DATEDIF(H108,TODAY(),"Y")) | J108: Grade 5 | K108: LAUAAN | L108: Lendon B. Abonales | M108: 2026-2027 | N108: Active | O108: 46230 | S108: Name imported from MPS template | T108: 46230 | U108: TEMPLATE_G5-MPS_TERM-1-SUMMATIVE-TEST-1_SY-2026-2027.xlsx | V108: Student name imported from assessment/MPS file. Official LRN, birthdate, guardian, and address still need SF1/LIS verification. | W108: Needs official LRN verification
A109: 104 | B109: For LRN Verification - Grade 5-131 | C109: ORJA | D109: JENECAH | E109: TANOLA | F109: =TRIM(D109&" "&E109&" "&C109) -> JENECAH TANOLA ORJA | I109: =IF(H109="","",DATEDIF(H109,TODAY(),"Y")) | J109: Grade 5 | K109: LAUAAN | L109: Lendon B. Abonales | M109: 2026-2027 | N109: Active | O109: 46230 | S109: Name imported from MPS template | T109: 46230 | U109: TEMPLATE_G5-MPS_TERM-1-SUMMATIVE-TEST-1_SY-2026-2027.xlsx | V109: Student name imported from assessment/MPS file. Official LRN, birthdate, guardian, and address still need SF1/LIS verification. | W109: Needs official LRN verification
A110: 105 | B110: For LRN Verification - Grade 5-131 | C110: BUNDAN | D110: KEZIAH JANE | E110: LOGRONIO | F110: =TRIM(D110&" "&E110&" "&C110) -> KEZIAH JANE LOGRONIO BUNDAN | I110: =IF(H110="","",DATEDIF(H110,TODAY(),"Y")) | J110: Grade 5 | K110: LAUAAN | L110: Lendon B. Abonales | M110: 2026-2027 | N110: Active | O110: 46230 | S110: Name imported from MPS template | T110: 46230 | U110: TEMPLATE_G5-MPS_TERM-1-SUMMATIVE-TEST-1_SY-2026-2027.xlsx | V110: Student name imported from assessment/MPS file. Official LRN, birthdate, guardian, and address still need SF1/LIS verification. | W110: Needs official LRN verification
A111: 106 | B111: For LRN Verification - Grade 5-131 | C111: BUSLATAN | D111: JAHARA | F111: =TRIM(D111&" "&E111&" "&C111) -> JAHARA BUSLATAN | I111: =IF(H111="","",DATEDIF(H111,TODAY(),"Y")) | J111: Grade 5 | K111: LAUAAN | L111: Lendon B. Abonales | M111: 2026-2027 | N111: Active | O111: 46230 | S111: Name imported from MPS template | T111: 46230 | U111: TEMPLATE_G5-MPS_TERM-1-SUMMATIVE-TEST-1_SY-2026-2027.xlsx | V111: Student name imported from assessment/MPS file. Official LRN, birthdate, guardian, and address still need SF1/LIS verification. | W111: Needs official LRN verification
A112: 107 | B112: For LRN Verification - Grade 5-131 | C112: CAMAYLONGAN | D112: ARIAN | E112: RONQUILLO | F112: =TRIM(D112&" "&E112&" "&C112) -> ARIAN RONQUILLO CAMAYLONGAN | I112: =IF(H112="","",DATEDIF(H112,TODAY(),"Y")) | J112: Grade 5 | K112: LAUAAN | L112: Lendon B. Abonales | M112: 2026-2027 | N112: Active | O112: 46230 | S112: Name imported from MPS template | T112: 46230 | U112: TEMPLATE_G5-MPS_TERM-1-SUMMATIVE-TEST-1_SY-2026-2027.xlsx | V112: Student name imported from assessment/MPS file. Official LRN, birthdate, guardian, and address still need SF1/LIS verification. | W112: Needs official LRN verification
A113: 108 | B113: For LRN Verification - Grade 5-131 | C113: LANANG | D113: JAY-ANN | E113: OCAB | F113: =TRIM(D113&" "&E113&" "&C113) -> JAY-ANN OCAB LANANG | I113: =IF(H113="","",DATEDIF(H113,TODAY(),"Y")) | J113: Grade 5 | K113: LAUAAN | L113: Lendon B. Abonales | M113: 2026-2027 | N113: Active | O113: 46230 | S113: Name imported from MPS template | T113: 46230 | U113: TEMPLATE_G5-MPS_TERM-1-SUMMATIVE-TEST-1_SY-2026-2027.xlsx | V113: Student name imported from assessment/MPS file. Official LRN, birthdate, guardian, and address still need SF1/LIS verification. | W113: Needs official LRN verification
A114: 109 | B114: For LRN Verification - Grade 5-131 | C114: LOGRONIO | D114: PRINCESS MAE | E114: MONTERO | F114: =TRIM(D114&" "&E114&" "&C114) -> PRINCESS MAE MONTERO LOGRONIO | I114: =IF(H114="","",DATEDIF(H114,TODAY(),"Y")) | J114: Grade 5 | K114: LAUAAN | L114: Lendon B. Abonales | M114: 2026-2027 | N114: Active | O114: 46230 | S114: Name imported from MPS template | T114: 46230 | U114: TEMPLATE_G5-MPS_TERM-1-SUMMATIVE-TEST-1_SY-2026-2027.xlsx | V114: Student name imported from assessment/MPS file. Official LRN, birthdate, guardian, and address still need SF1/LIS verification. | W114: Needs official LRN verification
A115: 110 | B115: For LRN Verification - Grade 5-131 | C115: TAÑOLA | D115: JANNABEL | E115: SALGADO | F115: =TRIM(D115&" "&E115&" "&C115) -> JANNABEL SALGADO TAÑOLA | I115: =IF(H115="","",DATEDIF(H115,TODAY(),"Y")) | J115: Grade 5 | K115: LAUAAN | L115: Lendon B. Abonales | M115: 2026-2027 | N115: Active | O115: 46230 | S115: Name imported from MPS template | T115: 46230 | U115: TEMPLATE_G5-MPS_TERM-1-SUMMATIVE-TEST-1_SY-2026-2027.xlsx | V115: Student name imported from assessment/MPS file. Official LRN, birthdate, guardian, and address still need SF1/LIS verification. | W115: Needs official LRN verification
A116: 111 | B116: For LRN Verification - Grade 5-131 | C116: TAÑOLA | D116: JERLYN | E116: LLANO | F116: =TRIM(D116&" "&E116&" "&C116) -> JERLYN LLANO TAÑOLA | I116: =IF(H116="","",DATEDIF(H116,TODAY(),"Y")) | J116: Grade 5 | K116: LAUAAN | L116: Lendon B. Abonales | M116: 2026-2027 | N116: Active | O116: 46230 | S116: Name imported from MPS template | T116: 46230 | U116: TEMPLATE_G5-MPS_TERM-1-SUMMATIVE-TEST-1_SY-2026-2027.xlsx | V116: Student name imported from assessment/MPS file. Official LRN, birthdate, guardian, and address still need SF1/LIS verification. | W116: Needs official LRN verification
A117: 112 | B117: For LRN Verification - Grade 5-131 | C117: TUMOPAS | D117: RICKA | E117: RIVAS | F117: =TRIM(D117&" "&E117&" "&C117) -> RICKA RIVAS TUMOPAS | I117: =IF(H117="","",DATEDIF(H117,TODAY(),"Y")) | J117: Grade 5 | K117: LAUAAN | L117: Lendon B. Abonales | M117: 2026-2027 | N117: Active | O117: 46230 | S117: Name imported from MPS template | T117: 46230 | U117: TEMPLATE_G5-MPS_TERM-1-SUMMATIVE-TEST-1_SY-2026-2027.xlsx | V117: Student name imported from assessment/MPS file. Official LRN, birthdate, guardian, and address still need SF1/LIS verification. | W117: Needs official LRN verification
A118: 113 | B118: For LRN Verification - Grade 6-131 | C118: ACEVEDO | D118: JAMES | E118: ANGOB | F118: =TRIM(D118&" "&E118&" "&C118) -> JAMES ANGOB ACEVEDO | I118: =IF(H118="","",DATEDIF(H118,TODAY(),"Y")) | J118: Grade 6 | K118: YAKAL | L118: Mark Zoilo C. Tajonera | M118: 2026-2027 | N118: Active | O118: 46230 | S118: Name imported from MPS template | T118: 46230 | U118: TEMPLATE_G6-MPS_TERM-1-SUMMATIVE-TEST-1_SY-2026-2027.xlsx | V118: Student name imported from assessment/MPS file. Official LRN, birthdate, guardian, and address still need SF1/LIS verification. | W118: Needs official LRN verification
A119: 114 | B119: For LRN Verification - Grade 6-131 | C119: AGUPITAC | D119: BONJOVIE | E119: BATAAN | F119: =TRIM(D119&" "&E119&" "&C119) -> BONJOVIE BATAAN AGUPITAC | I119: =IF(H119="","",DATEDIF(H119,TODAY(),"Y")) | J119: Grade 6 | K119: YAKAL | L119: Mark Zoilo C. Tajonera | M119: 2026-2027 | N119: Active | O119: 46230 | S119: Name imported from MPS template | T119: 46230 | U119: TEMPLATE_G6-MPS_TERM-1-SUMMATIVE-TEST-1_SY-2026-2027.xlsx | V119: Student name imported from assessment/MPS file. Official LRN, birthdate, guardian, and address still need SF1/LIS verification. | W119: Needs official LRN verification
A120: 115 | B120: For LRN Verification - Grade 6-131 | C120: DEDASE | D120: SONNY BOY CORVERA | F120: =TRIM(D120&" "&E120&" "&C120) -> SONNY BOY CORVERA DEDASE | I120: =IF(H120="","",DATEDIF(H120,TODAY(),"Y")) | J120: Grade 6 | K120: YAKAL | L120: Mark Zoilo C. Tajonera | M120: 2026-2027 | N120: Active | O120: 46230 | S120: Name imported from MPS template | T120: 46230 | U120: TEMPLATE_G6-MPS_TERM-1-SUMMATIVE-TEST-1_SY-2026-2027.xlsx | V120: Student name imported from assessment/MPS file. Official LRN, birthdate, guardian, and address still need SF1/LIS verification. | W120: Needs official LRN verification
A121: 116 | B121: For LRN Verification - Grade 6-131 | C121: ENGROVA | D121: BENJOMAR | E121: NERI | F121: =TRIM(D121&" "&E121&" "&C121) -> BENJOMAR NERI ENGROVA | I121: =IF(H121="","",DATEDIF(H121,TODAY(),"Y")) | J121: Grade 6 | K121: YAKAL | L121: Mark Zoilo C. Tajonera | M121: 2026-2027 | N121: Active | O121: 46230 | S121: Name imported from MPS template | T121: 46230 | U121: TEMPLATE_G6-MPS_TERM-1-SUMMATIVE-TEST-1_SY-2026-2027.xlsx | V121: Student name imported from assessment/MPS file. Official LRN, birthdate, guardian, and address still need SF1/LIS verification. | W121: Needs official LRN verification
A122: 117 | B122: For LRN Verification - Grade 6-131 | C122: HONTILLA | D122: JERLIE | E122: JOSOY | F122: =TRIM(D122&" "&E122&" "&C122) -> JERLIE JOSOY HONTILLA | I122: =IF(H122="","",DATEDIF(H122,TODAY(),"Y")) | J122: Grade 6 | K122: YAKAL | L122: Mark Zoilo C. Tajonera | M122: 2026-2027 | N122: Active | O122: 46230 | S122: Name imported from MPS template | T122: 46230 | U122: TEMPLATE_G6-MPS_TERM-1-SUMMATIVE-TEST-1_SY-2026-2027.xlsx | V122: Student name imported from assessment/MPS file. Official LRN, birthdate, guardian, and address still need SF1/LIS verification. | W122: Needs official LRN verification
A123: 118 | B123: For LRN Verification - Grade 6-131 | C123: JUALO | D123: MELJOHN | E123: SAMSON | F123: =TRIM(D123&" "&E123&" "&C123) -> MELJOHN SAMSON JUALO | I123: =IF(H123="","",DATEDIF(H123,TODAY(),"Y")) | J123: Grade 6 | K123: YAKAL | L123: Mark Zoilo C. Tajonera | M123: 2026-2027 | N123: Active | O123: 46230 | S123: Name imported from MPS template | T123: 46230 | U123: TEMPLATE_G6-MPS_TERM-1-SUMMATIVE-TEST-1_SY-2026-2027.xlsx | V123: Student name imported from assessment/MPS file. Official LRN, birthdate, guardian, and address still need SF1/LIS verification. | W123: Needs official LRN verification
A124: 119 | B124: For LRN Verification - Grade 6-131 | C124: NIEGAS | D124: RONALD | F124: =TRIM(D124&" "&E124&" "&C124) -> RONALD NIEGAS | I124: =IF(H124="","",DATEDIF(H124,TODAY(),"Y")) | J124: Grade 6 | K124: YAKAL | L124: Mark Zoilo C. Tajonera | M124: 2026-2027 | N124: Active | O124: 46230 | S124: Name imported from MPS template | T124: 46230 | U124: TEMPLATE_G6-MPS_TERM-1-SUMMATIVE-TEST-1_SY-2026-2027.xlsx | V124: Student name imported from assessment/MPS file. Official LRN, birthdate, guardian, and address still need SF1/LIS verification. | W124: Needs official LRN verification
A125: 120 | B125: For LRN Verification - Grade 6-131 | C125: VILLAMOR | D125: BEER | E125: PALAPAR | F125: =TRIM(D125&" "&E125&" "&C125) -> BEER PALAPAR VILLAMOR | I125: =IF(H125="","",DATEDIF(H125,TODAY(),"Y")) | J125: Grade 6 | K125: YAKAL | L125: Mark Zoilo C. Tajonera | M125: 2026-2027 | N125: Active | O125: 46230 | S125: Name imported from MPS template | T125: 46230 | U125: TEMPLATE_G6-MPS_TERM-1-SUMMATIVE-TEST-1_SY-2026-2027.xlsx | V125: Student name imported from assessment/MPS file. Official LRN, birthdate, guardian, and address still need SF1/LIS verification. | W125: Needs official LRN verification
A126: 121 | B126: For LRN Verification - Grade 6-131 | C126: VISCAYNO | D126: JAYRANZ | E126: RIZALDO | F126: =TRIM(D126&" "&E126&" "&C126) -> JAYRANZ RIZALDO VISCAYNO | I126: =IF(H126="","",DATEDIF(H126,TODAY(),"Y")) | J126: Grade 6 | K126: YAKAL | L126: Mark Zoilo C. Tajonera | M126: 2026-2027 | N126: Active | O126: 46230 | S126: Name imported from MPS template | T126: 46230 | U126: TEMPLATE_G6-MPS_TERM-1-SUMMATIVE-TEST-1_SY-2026-2027.xlsx | V126: Student name imported from assessment/MPS file. Official LRN, birthdate, guardian, and address still need SF1/LIS verification. | W126: Needs official LRN verification
A127: 122 | B127: For LRN Verification - Grade 6-131 | C127: AVILA | D127: JENA JEN | F127: =TRIM(D127&" "&E127&" "&C127) -> JENA JEN AVILA | I127: =IF(H127="","",DATEDIF(H127,TODAY(),"Y")) | J127: Grade 6 | K127: YAKAL | L127: Mark Zoilo C. Tajonera | M127: 2026-2027 | N127: Active | O127: 46230 | S127: Name imported from MPS template | T127: 46230 | U127: TEMPLATE_G6-MPS_TERM-1-SUMMATIVE-TEST-1_SY-2026-2027.xlsx | V127: Student name imported from assessment/MPS file. Official LRN, birthdate, guardian, and address still need SF1/LIS verification. | W127: Needs official LRN verification
A128: 123 | B128: For LRN Verification - Grade 6-131 | C128: BADA | D128: MARICEL | E128: LOGRONIO | F128: =TRIM(D128&" "&E128&" "&C128) -> MARICEL LOGRONIO BADA | I128: =IF(H128="","",DATEDIF(H128,TODAY(),"Y")) | J128: Grade 6 | K128: YAKAL | L128: Mark Zoilo C. Tajonera | M128: 2026-2027 | N128: Active | O128: 46230 | S128: Name imported from MPS template | T128: 46230 | U128: TEMPLATE_G6-MPS_TERM-1-SUMMATIVE-TEST-1_SY-2026-2027.xlsx | V128: Student name imported from assessment/MPS file. Official LRN, birthdate, guardian, and address still need SF1/LIS verification. | W128: Needs official LRN verification
A129: 124 | B129: For LRN Verification - Grade 6-131 | C129: BATAAN | D129: EUJANE | E129: TOBIANO | F129: =TRIM(D129&" "&E129&" "&C129) -> EUJANE TOBIANO BATAAN | I129: =IF(H129="","",DATEDIF(H129,TODAY(),"Y")) | J129: Grade 6 | K129: YAKAL | L129: Mark Zoilo C. Tajonera | M129: 2026-2027 | N129: Active | O129: 46230 | S129: Name imported from MPS template | T129: 46230 | U129: TEMPLATE_G6-MPS_TERM-1-SUMMATIVE-TEST-1_SY-2026-2027.xlsx | V129: Student name imported from assessment/MPS file. Official LRN, birthdate, guardian, and address still need SF1/LIS verification. | W129: Needs official LRN verification
A130: 125 | B130: For LRN Verification - Grade 6-131 | C130: CAMAYLONGAN | D130: ANGEL | E130: RONQUILLO | F130: =TRIM(D130&" "&E130&" "&C130) -> ANGEL RONQUILLO CAMAYLONGAN | I130: =IF(H130="","",DATEDIF(H130,TODAY(),"Y")) | J130: Grade 6 | K130: YAKAL | L130: Mark Zoilo C. Tajonera | M130: 2026-2027 | N130: Active | O130: 46230 | S130: Name imported from MPS template | T130: 46230 | U130: TEMPLATE_G6-MPS_TERM-1-SUMMATIVE-TEST-1_SY-2026-2027.xlsx | V130: Student name imported from assessment/MPS file. Official LRN, birthdate, guardian, and address still need SF1/LIS verification. | W130: Needs official LRN verification
A131: 126 | B131: For LRN Verification - Grade 6-131 | C131: CAMAYLONGAN | D131: CHRISTINE JOY | E131: DUBLAS | F131: =TRIM(D131&" "&E131&" "&C131) -> CHRISTINE JOY DUBLAS CAMAYLONGAN | I131: =IF(H131="","",DATEDIF(H131,TODAY(),"Y")) | J131: Grade 6 | K131: YAKAL | L131: Mark Zoilo C. Tajonera | M131: 2026-2027 | N131: Active | O131: 46230 | S131: Name imported from MPS template | T131: 46230 | U131: TEMPLATE_G6-MPS_TERM-1-SUMMATIVE-TEST-1_SY-2026-2027.xlsx | V131: Student name imported from assessment/MPS file. Official LRN, birthdate, guardian, and address still need SF1/LIS verification. | W131: Needs official LRN verification
A132: 127 | B132: For LRN Verification - Grade 6-131 | C132: CAMAYLONGAN | D132: JAIRAH | E132: BAGULOS | F132: =TRIM(D132&" "&E132&" "&C132) -> JAIRAH BAGULOS CAMAYLONGAN | I132: =IF(H132="","",DATEDIF(H132,TODAY(),"Y")) | J132: Grade 6 | K132: YAKAL | L132: Mark Zoilo C. Tajonera | M132: 2026-2027 | N132: Active | O132: 46230 | S132: Name imported from MPS template | T132: 46230 | U132: TEMPLATE_G6-MPS_TERM-1-SUMMATIVE-TEST-1_SY-2026-2027.xlsx | V132: Student name imported from assessment/MPS file. Official LRN, birthdate, guardian, and address still need SF1/LIS verification. | W132: Needs official LRN verification
A133: 128 | B133: For LRN Verification - Grade 6-131 | C133: CAMAYLONGAN | D133: JAMAICA | E133: BAGULOS | F133: =TRIM(D133&" "&E133&" "&C133) -> JAMAICA BAGULOS CAMAYLONGAN | I133: =IF(H133="","",DATEDIF(H133,TODAY(),"Y")) | J133: Grade 6 | K133: YAKAL | L133: Mark Zoilo C. Tajonera | M133: 2026-2027 | N133: Active | O133: 46230 | S133: Name imported from MPS template | T133: 46230 | U133: TEMPLATE_G6-MPS_TERM-1-SUMMATIVE-TEST-1_SY-2026-2027.xlsx | V133: Student name imported from assessment/MPS file. Official LRN, birthdate, guardian, and address still need SF1/LIS verification. | W133: Needs official LRN verification
A134: 129 | B134: For LRN Verification - Grade 6-131 | C134: CAMAYLONGAN | D134: LHEA | E134: DAGNO | F134: =TRIM(D134&" "&E134&" "&C134) -> LHEA DAGNO CAMAYLONGAN | I134: =IF(H134="","",DATEDIF(H134,TODAY(),"Y")) | J134: Grade 6 | K134: YAKAL | L134: Mark Zoilo C. Tajonera | M134: 2026-2027 | N134: Active | O134: 46230 | S134: Name imported from MPS template | T134: 46230 | U134: TEMPLATE_G6-MPS_TERM-1-SUMMATIVE-TEST-1_SY-2026-2027.xlsx | V134: Student name imported from assessment/MPS file. Official LRN, birthdate, guardian, and address still need SF1/LIS verification. | W134: Needs official LRN verification
A135: 130 | B135: For LRN Verification - Grade 6-131 | C135: CONSAD | D135: VEMBERLY | E135: OTERO | F135: =TRIM(D135&" "&E135&" "&C135) -> VEMBERLY OTERO CONSAD | I135: =IF(H135="","",DATEDIF(H135,TODAY(),"Y")) | J135: Grade 6 | K135: YAKAL | L135: Mark Zoilo C. Tajonera | M135: 2026-2027 | N135: Active | O135: 46230 | S135: Name imported from MPS template | T135: 46230 | U135: TEMPLATE_G6-MPS_TERM-1-SUMMATIVE-TEST-1_SY-2026-2027.xlsx | V135: Student name imported from assessment/MPS file. Official LRN, birthdate, guardian, and address still need SF1/LIS verification. | W135: Needs official LRN verification
A136: 131 | B136: For LRN Verification - Grade 6-131 | C136: ENGROVA | D136: JENELYN | E136: NERI | F136: =TRIM(D136&" "&E136&" "&C136) -> JENELYN NERI ENGROVA | I136: =IF(H136="","",DATEDIF(H136,TODAY(),"Y")) | J136: Grade 6 | K136: YAKAL | L136: Mark Zoilo C. Tajonera | M136: 2026-2027 | N136: Active | O136: 46230 | S136: Name imported from MPS template | T136: 46230 | U136: TEMPLATE_G6-MPS_TERM-1-SUMMATIVE-TEST-1_SY-2026-2027.xlsx | V136: Student name imported from assessment/MPS file. Official LRN, birthdate, guardian, and address still need SF1/LIS verification. | W136: Needs official LRN verification
A137: 132 | B137: For LRN Verification - Grade 6-132 | C137: ESTRELLA | D137: ROVELYN | E137: SIBOGAN | F137: =TRIM(D137&" "&E137&" "&C137) -> ROVELYN SIBOGAN ESTRELLA | I137: =IF(H137="","",DATEDIF(H137,TODAY(),"Y")) | J137: Grade 6 | K137: YAKAL | L137: Mark Zoilo C. Tajonera | M137: 2026-2027 | N137: Active | O137: 46230 | S137: Name imported from MPS template | T137: 46230 | U137: TEMPLATE_G6-MPS_TERM-1-SUMMATIVE-TEST-1_SY-2026-2027.xlsx | V137: Student name imported from assessment/MPS file. Official LRN, birthdate, guardian, and address still need SF1/LIS verification. | W137: Needs official LRN verification
...

Sheet Student_Data_Instructions
A1: HOW TO UPDATE STUDENT DATA Use this guide when encoding or importing official LIS student/enrollment data.
A5: Step | B5: Action | C5: Where | D5: Important Rule | E5: Result
A6: 1 | B6: Download/export learner list from LIS | C6: LIS portal | D6: Use LRN as unique key | E6: Official student source file
A7: 2 | B7: Open Student_Masterlist | C7: This workbook | D7: Do not delete formula columns | E7: Ready to paste/update student data
A8: 3 | B8: Replace placeholder learner data | C8: Rows 6 onward | D8: Keep grade/section official names | E8: Student data becomes school-specific
A9: 4 | B9: Check DataCheck column | C9: Column W | D9: Must show OK | E9: Data is ready for dashboard
A10: 5 | B10: Use Enrollment_Dashboard | C10: Dashboard sheet | D10: Refresh workbook/calculations if needed | E10: Enrollment counts update
A11: 6 | B11: Do not delete old learners immediately | C11: EnrollmentStatus column | D11: Use For Verification first | E11: Protect historical records
A14: Note: I added placeholder learner records because actual names/LRNs were not provided. Replace placeholder names and LRN values with your official LIS export data. Use Class_Sections as the official class reference.

Sheet Student_Import_Log
A1: DateImported | B1: SourceFile | C1: GradeLevel | D1: Section | E1: RecordsImported | F1: ImportedFields | G1: Notes
A2: 46230 | B2: TEMPLATE_G5-MPS_TERM-1-SUMMATIVE-TEST-1_SY-2026-2027.xlsx | C2: Grade 5 | D2: LAUAAN | E2: 21 | F2: Learner names only | G2: LRN/sex/birthdate not present in the MPS template; confirm using populated SF1/LIS.
A3: 46230 | B3: GRADE-I-1ST-SUMMATIVE-MPS.xlsx | C3: Grade 1 | D3: MAGKONO | E3: 20 | F3: Learner names; sex where present in Grade 1/2 file | G3: LRN/birthdate/guardian/address still require populated SF1/LIS.
A4: 46230 | B4: GRADE-2-1ST-SUMMATIVE-MPS.xlsx | C4: Grade 2 | D4: NARRA | E4: 15 | F4: Learner names; sex where present in Grade 1/2 file | G4: LRN/birthdate/guardian/address still require populated SF1/LIS.
A5: 46230 | B5: MPS_TERM-1-SUMMATIVE-TEST-1_GRADE-4-SY-2026-2027.xlsx | C5: Grade 4 | D5: TUGAS | E5: 16 | F5: Learner names; sex where present in Grade 1/2 file | G5: LRN/birthdate/guardian/address still require populated SF1/LIS.
A6: 46230 | B6: TEMPLATE_G5-MPS_TERM-1-SUMMATIVE-TEST-1_SY-2026-2027.xlsx | C6: Grade 5 | D6: LAUAAN | E6: 21 | F6: Learner names; sex where present in Grade 1/2 file | G6: LRN/birthdate/guardian/address still require populated SF1/LIS.
A7: 46230 | B7: TEMPLATE_G6-MPS_TERM-1-SUMMATIVE-TEST-1_SY-2026-2027.xlsx | C7: Grade 6 | D7: YAKAL | E7: 33 | F7: Learner names; sex where present in Grade 1/2 file | G7: LRN/birthdate/guardian/address still require populated SF1/LIS.

Sheet Class_Sections
A1: OFFICIAL LIST OF CLASSES AND SECTIONS
A4: GradeLevel | B4: Section | C4: DisplayName | D4: Status | E4: Notes
A5: Kinder | B5: KAMAGONG | C5: Kinder - KAMAGONG | D5: Active | E5: From LIS class list image
A6: Grade 1 | B6: MAGKONO | C6: Grade 1 - MAGKONO | D6: Active | E6: From LIS class list image
A7: Grade 2 | B7: NARRA | C7: Grade 2 - NARRA | D7: Active | E7: From LIS class list image
A8: Grade 3 | B8: TOOG | C8: Grade 3 - TOOG | D8: Active | E8: From LIS class list image
A9: Grade 4 | B9: TUGAS | C9: Grade 4 - TUGAS | D9: Active | E9: From LIS class list image
A10: Grade 5 | B10: LAUAAN | C10: Grade 5 - LAUAAN | D10: Active | E10: From LIS class list image
A11: Grade 6 | B11: YAKAL | C11: Grade 6 - YAKAL | D11: Active | E11: From LIS class list image

Sheet Teacher_View_Dashboard
A1: TEACHER VIEW-ONLY DASHBOARD Designed for teachers to view submission updates and class results without editing the database. | AA1: Metric | AB1: Value
AA2: Submissions | AB2: =COUNTIF(Assessment_Submissions!C:C,$B$5) -> 1
AA3: Learner Rows | AB3: =COUNTIF(Learner_Scores!D:D,$B$5) -> 5
AA4: Average MPS | AB4: =IFERROR(AVERAGEIF(Learner_Scores!D:D,$B$5,Learner_Scores!O:O),0) -> 0.724
A5: Select Teacher: | B5: Jenny Queen L. Orillaneda | D5: Role: | E5: =IFERROR(_xludf.xlookup(B5,Access_Control!B:B,Access_Control!D:D),"") | G5: Assigned Class: | H5: =IFERROR(_xludf.xlookup(B5,Access_Control!B:B,Access_Control!E:E)&" - "&_xludf.xlookup(B5,Access_Control!B:B,Access_Control!F:F),"") | AA5: Proficient Count | AB5: =COUNTIFS(Learner_Scores!D:D,$B$5,Learner_Scores!P:P,"Proficient") -> 2
AA6: For Checking | AB6: =COUNTIFS(Assessment_Submissions!C:C,$B$5,Assessment_Submissions!S:S,"For Checking") -> 1
A7: TOTAL SUBMISSIONS | D7: LEARNER RESULTS | G7: AVERAGE MPS | J7: FOR CHECKING | M7: RETURNED | AA7: Returned | AB7: =COUNTIFS(Assessment_Submissions!C:C,$B$5,Assessment_Submissions!S:S,"Returned") -> 0
B8: =AB2 -> 1 | E8: =AB3 -> 5 | H8: =AB4 -> 0.724 | K8: =AB6 -> 1 | N8: =AB7 -> 0 | AA8: Submitted Accepted | AB8: =COUNTIFS(Assessment_Submissions!C:C,$B$5,Assessment_Submissions!S:S,"Submitted") -> 0
AA9: Teacher Email | AB9: =IFERROR(_xludf.xlookup($B$5,Access_Control!B:B,Access_Control!C:C),"")
A10: Submitted through Forms/upload | D10: Rows extracted from Excel | G10: Class result summary | J10: Waiting for admin review | M10: Needs correction
A13: MY RECENT SUBMISSIONS AND REPORT FILES
A14: Date | B14: Quarter | C14: Assessment | D14: Subject | E14: Mean Score | F14: MPS | G14: Status | H14: File | I14: Remarks
A15: =_xludf.filter(CHOOSE({1,2,3,4,5,6,7,8,9},Assessment_Submissions!B5:B200,Assessment_Submissions!F5:F200,Assessment_Submissions!G5:G200,Assessment_Submissions!H5:H200,Assessment_Submissions!K5:K200,Assessment_Submissions!L5:L200,Assessment_Submissions!S5:S200,Assessment_Submissions!R5:R200,Assessment_Submissions!T5:T200),Assessment_Submissions!C5:C200=$B$5,"No submissions yet") -> #NAME?
A25: MY EXTRACTED LEARNER RESULTS
A26: LRN | B26: Learner Name | C26: Grade | D26: Section | E26: Assessment | F26: Subject | G26: Total Items | H26: Raw Score | I26: MPS | J26: Performance | K26: Status
A27: =_xludf.filter(CHOOSE({1,2,3,4,5,6,7,8,9,10,11},Learner_Scores!K6:K300,Learner_Scores!L6:L300,Learner_Scores!F6:F300,Learner_Scores!G6:G300,Learner_Scores!I6:I300,Learner_Scores!J6:J300,Learner_Scores!M6:M300,Learner_Scores!N6:N300,Learner_Scores!O6:O300,Learner_Scores!P6:P300,Learner_Scores!T6:T300),Learner_Scores!D6:D300=$B$5,"No extracted learner scores yet") -> #NAME?
A43: SUBJECT SUMMARY
A44: Subject | B44: Rows | C44: Average MPS | D44: Proficient | E44: Nearly Proficient | F44: Low/Not Proficient
A45: English | B45: =COUNTIFS(Learner_Scores!D:D,$B$5,Learner_Scores!J:J,A45) -> 5 | C45: =IFERROR(AVERAGEIFS(Learner_Scores!O:O,Learner_Scores!D:D,$B$5,Learner_Scores!J:J,A45),0) -> 0.724 | D45: =COUNTIFS(Learner_Scores!D:D,$B$5,Learner_Scores!J:J,A45,Learner_Scores!P:P,"Proficient") -> 2 | E45: =COUNTIFS(Learner_Scores!D:D,$B$5,Learner_Scores!J:J,A45,Learner_Scores!P:P,"Nearly Proficient") -> 3 | F45: =COUNTIFS(Learner_Scores!D:D,$B$5,Learner_Scores!J:J,A45,Learner_Scores!P:P,"Low Proficient") + COUNTIFS(Learner_Scores!D:D,$B$5,Learner_Scores!J:J,A45,Learner_Scores!P:P,"Not Proficient") -> 0
A46: Filipino | B46: =COUNTIFS(Learner_Scores!D:D,$B$5,Learner_Scores!J:J,A46) -> 0 | C46: =IFERROR(AVERAGEIFS(Learner_Scores!O:O,Learner_Scores!D:D,$B$5,Learner_Scores!J:J,A46),0) -> 0 | D46: =COUNTIFS(Learner_Scores!D:D,$B$5,Learner_Scores!J:J,A46,Learner_Scores!P:P,"Proficient") -> 0 | E46: =COUNTIFS(Learner_Scores!D:D,$B$5,Learner_Scores!J:J,A46,Learner_Scores!P:P,"Nearly Proficient") -> 0 | F46: =COUNTIFS(Learner_Scores!D:D,$B$5,Learner_Scores!J:J,A46,Learner_Scores!P:P,"Low Proficient") + COUNTIFS(Learner_Scores!D:D,$B$5,Learner_Scores!J:J,A46,Learner_Scores!P:P,"Not Proficient") -> 0
A47: Mathematics | B47: =COUNTIFS(Learner_Scores!D:D,$B$5,Learner_Scores!J:J,A47) -> 0 | C47: =IFERROR(AVERAGEIFS(Learner_Scores!O:O,Learner_Scores!D:D,$B$5,Learner_Scores!J:J,A47),0) -> 0 | D47: =COUNTIFS(Learner_Scores!D:D,$B$5,Learner_Scores!J:J,A47,Learner_Scores!P:P,"Proficient") -> 0 | E47: =COUNTIFS(Learner_Scores!D:D,$B$5,Learner_Scores!J:J,A47,Learner_Scores!P:P,"Nearly Proficient") -> 0 | F47: =COUNTIFS(Learner_Scores!D:D,$B$5,Learner_Scores!J:J,A47,Learner_Scores!P:P,"Low Proficient") + COUNTIFS(Learner_Scores!D:D,$B$5,Learner_Scores!J:J,A47,Learner_Scores!P:P,"Not Proficient") -> 0
A48: Science | B48: =COUNTIFS(Learner_Scores!D:D,$B$5,Learner_Scores!J:J,A48) -> 0 | C48: =IFERROR(AVERAGEIFS(Learner_Scores!O:O,Learner_Scores!D:D,$B$5,Learner_Scores!J:J,A48),0) -> 0 | D48: =COUNTIFS(Learner_Scores!D:D,$B$5,Learner_Scores!J:J,A48,Learner_Scores!P:P,"Proficient") -> 0 | E48: =COUNTIFS(Learner_Scores!D:D,$B$5,Learner_Scores!J:J,A48,Learner_Scores!P:P,"Nearly Proficient") -> 0 | F48: =COUNTIFS(Learner_Scores!D:D,$B$5,Learner_Scores!J:J,A48,Learner_Scores!P:P,"Low Proficient") + COUNTIFS(Learner_Scores!D:D,$B$5,Learner_Scores!J:J,A48,Learner_Scores!P:P,"Not Proficient") -> 0
A49: GMRC | B49: =COUNTIFS(Learner_Scores!D:D,$B$5,Learner_Scores!J:J,A49) -> 0 | C49: =IFERROR(AVERAGEIFS(Learner_Scores!O:O,Learner_Scores!D:D,$B$5,Learner_Scores!J:J,A49),0) -> 0 | D49: =COUNTIFS(Learner_Scores!D:D,$B$5,Learner_Scores!J:J,A49,Learner_Scores!P:P,"Proficient") -> 0 | E49: =COUNTIFS(Learner_Scores!D:D,$B$5,Learner_Scores!J:J,A49,Learner_Scores!P:P,"Nearly Proficient") -> 0 | F49: =COUNTIFS(Learner_Scores!D:D,$B$5,Learner_Scores!J:J,A49,Learner_Scores!P:P,"Low Proficient") + COUNTIFS(Learner_Scores!D:D,$B$5,Learner_Scores!J:J,A49,Learner_Scores!P:P,"Not Proficient") -> 0
A50: Readiness | B50: =COUNTIFS(Learner_Scores!D:D,$B$5,Learner_Scores!J:J,A50) -> 0 | C50: =IFERROR(AVERAGEIFS(Learner_Scores!O:O,Learner_Scores!D:D,$B$5,Learner_Scores!J:J,A50),0) -> 0 | D50: =COUNTIFS(Learner_Scores!D:D,$B$5,Learner_Scores!J:J,A50,Learner_Scores!P:P,"Proficient") -> 0 | E50: =COUNTIFS(Learner_Scores!D:D,$B$5,Learner_Scores!J:J,A50,Learner_Scores!P:P,"Nearly Proficient") -> 0 | F50: =COUNTIFS(Learner_Scores!D:D,$B$5,Learner_Scores!J:J,A50,Learner_Scores!P:P,"Low Proficient") + COUNTIFS(Learner_Scores!D:D,$B$5,Learner_Scores!J:J,A50,Learner_Scores!P:P,"Not Proficient") -> 0
A62: Teacher View Note: Share this dashboard as View Only through SharePoint/OneDrive or publish it to Power BI. Teachers should submit Excel result files through Microsoft Forms only. Do not give teachers edit access to the main workbook.

Sheet Learner_Scores
A1: LEARNER SCORES EXTRACTED FROM TEACHER EXCEL UPLOADS Power Automate copies every learner row from the teacher template into this table.
A5: ScoreID | B5: SubmissionID | C5: SubmissionDate | D5: TeacherName | E5: TeacherEmail | F5: GradeLevel | G5: Section | H5: Quarter | I5: AssessmentType | J5: Subject | K5: LRN | L5: LearnerName | M5: TotalItems | N5: RawScore | O5: MPS | P5: PerformanceLevel | Q5: Remarks | R5: UploadedFileName | S5: UploadedFileLink | T5: Status
A6: 1 | B6: 1001 | C6: 46230.469 | D6: Jenny Queen L. Orillaneda | E6: jenny.teacher@deped.gov.ph | F6: Grade 1 | G6: MAGKONO | H6: 1st Quarter | I6: Periodical Exam | J6: English | K6: LRN-000000000001 | L6: Learner 001 | M6: 50 | N6: 36 | O6: =IFERROR(N6/M6,"") -> 0.72 | P6: =IF(O6="","",IF(O6>=0.75,"Proficient",IF(O6>=0.5,"Nearly Proficient",IF(O6>=0.25,"Low Proficient","Not Proficient")))) -> Nearly Proficient | R6: Grade 1_English_Result.xlsx | S6: https://contoso.sharepoint.com/sites/MAMON/Shared%20Documents/TeacherUploads/sample.xlsx | T6: For Checking
A7: 2 | B7: 1001 | C7: 46230.469 | D7: Jenny Queen L. Orillaneda | E7: jenny.teacher@deped.gov.ph | F7: Grade 1 | G7: MAGKONO | H7: 1st Quarter | I7: Periodical Exam | J7: English | K7: LRN-000000000002 | L7: Learner 002 | M7: 50 | N7: 38 | O7: =IFERROR(N7/M7,"") -> 0.76 | P7: =IF(O7="","",IF(O7>=0.75,"Proficient",IF(O7>=0.5,"Nearly Proficient",IF(O7>=0.25,"Low Proficient","Not Proficient")))) -> Proficient | R7: Grade 1_English_Result.xlsx | S7: https://contoso.sharepoint.com/sites/MAMON/Shared%20Documents/TeacherUploads/sample.xlsx | T7: For Checking
A8: 3 | B8: 1001 | C8: 46230.469 | D8: Jenny Queen L. Orillaneda | E8: jenny.teacher@deped.gov.ph | F8: Grade 1 | G8: MAGKONO | H8: 1st Quarter | I8: Periodical Exam | J8: English | K8: LRN-000000000003 | L8: Learner 003 | M8: 50 | N8: 32 | O8: =IFERROR(N8/M8,"") -> 0.64 | P8: =IF(O8="","",IF(O8>=0.75,"Proficient",IF(O8>=0.5,"Nearly Proficient",IF(O8>=0.25,"Low Proficient","Not Proficient")))) -> Nearly Proficient | R8: Grade 1_English_Result.xlsx | S8: https://contoso.sharepoint.com/sites/MAMON/Shared%20Documents/TeacherUploads/sample.xlsx | T8: For Checking
A9: 4 | B9: 1001 | C9: 46230.469 | D9: Jenny Queen L. Orillaneda | E9: jenny.teacher@deped.gov.ph | F9: Grade 1 | G9: MAGKONO | H9: 1st Quarter | I9: Periodical Exam | J9: English | K9: LRN-000000000004 | L9: Learner 004 | M9: 50 | N9: 40 | O9: =IFERROR(N9/M9,"") -> 0.8 | P9: =IF(O9="","",IF(O9>=0.75,"Proficient",IF(O9>=0.5,"Nearly Proficient",IF(O9>=0.25,"Low Proficient","Not Proficient")))) -> Proficient | R9: Grade 1_English_Result.xlsx | S9: https://contoso.sharepoint.com/sites/MAMON/Shared%20Documents/TeacherUploads/sample.xlsx | T9: For Checking
A10: 5 | B10: 1001 | C10: 46230.469 | D10: Jenny Queen L. Orillaneda | E10: jenny.teacher@deped.gov.ph | F10: Grade 1 | G10: MAGKONO | H10: 1st Quarter | I10: Periodical Exam | J10: English | K10: LRN-000000000005 | L10: Learner 005 | M10: 50 | N10: 35 | O10: =IFERROR(N10/M10,"") -> 0.7 | P10: =IF(O10="","",IF(O10>=0.75,"Proficient",IF(O10>=0.5,"Nearly Proficient",IF(O10>=0.25,"Low Proficient","Not Proficient")))) -> Nearly Proficient | R10: Grade 1_English_Result.xlsx | S10: https://contoso.sharepoint.com/sites/MAMON/Shared%20Documents/TeacherUploads/sample.xlsx | T10: For Checking
A11: 6 | B11: 1002 | C11: 46230.385 | D11: Maria Fatima R. Peñanueva | E11: maria.teacher@deped.gov.ph | F11: Grade 2 | G11: NARRA | H11: 1st Quarter | I11: Summative Test | J11: Mathematics | K11: LRN-000000000006 | L11: Learner 006 | M11: 40 | N11: 21 | O11: =IFERROR(N11/M11,"") -> 0.525 | P11: =IF(O11="","",IF(O11>=0.75,"Proficient",IF(O11>=0.5,"Nearly Proficient",IF(O11>=0.25,"Low Proficient","Not Proficient")))) -> Nearly Proficient | R11: Grade 2_Mathematics_Result.xlsx | S11: https://contoso.sharepoint.com/sites/MAMON/Shared%20Documents/TeacherUploads/sample.xlsx | T11: For Checking
A12: 7 | B12: 1002 | C12: 46230.385 | D12: Maria Fatima R. Peñanueva | E12: maria.teacher@deped.gov.ph | F12: Grade 2 | G12: NARRA | H12: 1st Quarter | I12: Summative Test | J12: Mathematics | K12: LRN-000000000007 | L12: Learner 007 | M12: 40 | N12: 25 | O12: =IFERROR(N12/M12,"") -> 0.625 | P12: =IF(O12="","",IF(O12>=0.75,"Proficient",IF(O12>=0.5,"Nearly Proficient",IF(O12>=0.25,"Low Proficient","Not Proficient")))) -> Nearly Proficient | R12: Grade 2_Mathematics_Result.xlsx | S12: https://contoso.sharepoint.com/sites/MAMON/Shared%20Documents/TeacherUploads/sample.xlsx | T12: For Checking
A13: 8 | B13: 1002 | C13: 46230.385 | D13: Maria Fatima R. Peñanueva | E13: maria.teacher@deped.gov.ph | F13: Grade 2 | G13: NARRA | H13: 1st Quarter | I13: Summative Test | J13: Mathematics | K13: LRN-000000000008 | L13: Learner 008 | M13: 40 | N13: 20 | O13: =IFERROR(N13/M13,"") -> 0.5 | P13: =IF(O13="","",IF(O13>=0.75,"Proficient",IF(O13>=0.5,"Nearly Proficient",IF(O13>=0.25,"Low Proficient","Not Proficient")))) -> Nearly Proficient | R13: Grade 2_Mathematics_Result.xlsx | S13: https://contoso.sharepoint.com/sites/MAMON/Shared%20Documents/TeacherUploads/sample.xlsx | T13: For Checking
A14: 9 | B14: 1002 | C14: 46230.385 | D14: Maria Fatima R. Peñanueva | E14: maria.teacher@deped.gov.ph | F14: Grade 2 | G14: NARRA | H14: 1st Quarter | I14: Summative Test | J14: Mathematics | K14: LRN-000000000009 | L14: Learner 009 | M14: 40 | N14: 18 | O14: =IFERROR(N14/M14,"") -> 0.45 | P14: =IF(O14="","",IF(O14>=0.75,"Proficient",IF(O14>=0.5,"Nearly Proficient",IF(O14>=0.25,"Low Proficient","Not Proficient")))) -> Low Proficient | R14: Grade 2_Mathematics_Result.xlsx | S14: https://contoso.sharepoint.com/sites/MAMON/Shared%20Documents/TeacherUploads/sample.xlsx | T14: For Checking
A15: 10 | B15: 1002 | C15: 46230.385 | D15: Maria Fatima R. Peñanueva | E15: maria.teacher@deped.gov.ph | F15: Grade 2 | G15: NARRA | H15: 1st Quarter | I15: Summative Test | J15: Mathematics | K15: LRN-000000000010 | L15: Learner 010 | M15: 40 | N15: 26 | O15: =IFERROR(N15/M15,"") -> 0.65 | P15: =IF(O15="","",IF(O15>=0.75,"Proficient",IF(O15>=0.5,"Nearly Proficient",IF(O15>=0.25,"Low Proficient","Not Proficient")))) -> Nearly Proficient | R15: Grade 2_Mathematics_Result.xlsx | S15: https://contoso.sharepoint.com/sites/MAMON/Shared%20Documents/TeacherUploads/sample.xlsx | T15: For Checking
A16: 11 | B16: 1003 | C16: 46230.427 | D16: Jessa Mae R. Flores | E16: jessa.teacher@deped.gov.ph | F16: Grade 3 | G16: TOOG | H16: 1st Quarter | I16: Periodical Exam | J16: Filipino | K16: LRN-000000000011 | L16: Learner 011 | M16: 30 | N16: 24 | O16: =IFERROR(N16/M16,"") -> 0.8 | P16: =IF(O16="","",IF(O16>=0.75,"Proficient",IF(O16>=0.5,"Nearly Proficient",IF(O16>=0.25,"Low Proficient","Not Proficient")))) -> Proficient | R16: Grade 3_Filipino_Result.xlsx | S16: https://contoso.sharepoint.com/sites/MAMON/Shared%20Documents/TeacherUploads/sample.xlsx | T16: For Checking
A17: 12 | B17: 1003 | C17: 46230.427 | D17: Jessa Mae R. Flores | E17: jessa.teacher@deped.gov.ph | F17: Grade 3 | G17: TOOG | H17: 1st Quarter | I17: Periodical Exam | J17: Filipino | K17: LRN-000000000012 | L17: Learner 012 | M17: 30 | N17: 25 | O17: =IFERROR(N17/M17,"") -> 0.83333333 | P17: =IF(O17="","",IF(O17>=0.75,"Proficient",IF(O17>=0.5,"Nearly Proficient",IF(O17>=0.25,"Low Proficient","Not Proficient")))) -> Proficient | R17: Grade 3_Filipino_Result.xlsx | S17: https://contoso.sharepoint.com/sites/MAMON/Shared%20Documents/TeacherUploads/sample.xlsx | T17: For Checking
... A20: 15 | B20: 1003 | C20: 46230.427 | D20: Jessa Mae R. Flores | E20: jessa.teacher@deped.gov.ph | F20: Grade 3 | G20: TOOG | H20: 1st Quarter | I20: Periodical Exam | J20: Filipino | K20: LRN-000000000015 | L20: Learner 015 | M20: 30 | N20: 21 | O20: =IFERROR(N20/M20,"") -> 0.7 | P20: =IF(O20="","",IF(O20>=0.75,"Proficient",IF(O20>=0.5,"Nearly Proficient",IF(O20>=0.25,"Low Proficient","Not Proficient")))) -> Nearly Proficient | R20: Grade 3_Filipino_Result.xlsx | S20: https://contoso.sharepoint.com/sites/MAMON/Shared%20Documents/TeacherUploads/sample.xlsx | T20: For Checking
O21: =IFERROR(N21/M21,"") | P21: =IF(O21="","",IF(O21>=0.75,"Proficient",IF(O21>=0.5,"Nearly Proficient",IF(O21>=0.25,"Low Proficient","Not Proficient"))))
O22: =IFERROR(N22/M22,"") | P22: =IF(O22="","",IF(O22>=0.75,"Proficient",IF(O22>=0.5,"Nearly Proficient",IF(O22>=0.25,"Low Proficient","Not Proficient"))))
O23: =IFERROR(N23/M23,"") | P23: =IF(O23="","",IF(O23>=0.75,"Proficient",IF(O23>=0.5,"Nearly Proficient",IF(O23>=0.25,"Low Proficient","Not Proficient"))))
O24: =IFERROR(N24/M24,"") | P24: =IF(O24="","",IF(O24>=0.75,"Proficient",IF(O24>=0.5,"Nearly Proficient",IF(O24>=0.25,"Low Proficient","Not Proficient"))))
O25: =IFERROR(N25/M25,"") | P25: =IF(O25="","",IF(O25>=0.75,"Proficient",IF(O25>=0.5,"Nearly Proficient",IF(O25>=0.25,"Low Proficient","Not Proficient"))))
O26: =IFERROR(N26/M26,"") | P26: =IF(O26="","",IF(O26>=0.75,"Proficient",IF(O26>=0.5,"Nearly Proficient",IF(O26>=0.25,"Low Proficient","Not Proficient"))))
O27: =IFERROR(N27/M27,"") | P27: =IF(O27="","",IF(O27>=0.75,"Proficient",IF(O27>=0.5,"Nearly Proficient",IF(O27>=0.25,"Low Proficient","Not Proficient"))))
O28: =IFERROR(N28/M28,"") | P28: =IF(O28="","",IF(O28>=0.75,"Proficient",IF(O28>=0.5,"Nearly Proficient",IF(O28>=0.25,"Low Proficient","Not Proficient"))))
O29: =IFERROR(N29/M29,"") | P29: =IF(O29="","",IF(O29>=0.75,"Proficient",IF(O29>=0.5,"Nearly Proficient",IF(O29>=0.25,"Low Proficient","Not Proficient"))))
O30: =IFERROR(N30/M30,"") | P30: =IF(O30="","",IF(O30>=0.75,"Proficient",IF(O30>=0.5,"Nearly Proficient",IF(O30>=0.25,"Low Proficient","Not Proficient"))))
O31: =IFERROR(N31/M31,"") | P31: =IF(O31="","",IF(O31>=0.75,"Proficient",IF(O31>=0.5,"Nearly Proficient",IF(O31>=0.25,"Low Proficient","Not Proficient"))))
O32: =IFERROR(N32/M32,"") | P32: =IF(O32="","",IF(O32>=0.75,"Proficient",IF(O32>=0.5,"Nearly Proficient",IF(O32>=0.25,"Low Proficient","Not Proficient"))))
... O300: =IFERROR(N300/M300,"") | P300: =IF(O300="","",IF(O300>=0.75,"Proficient",IF(O300>=0.5,"Nearly Proficient",IF(O300>=0.25,"Low Proficient","Not Proficient"))))

Sheet Assessment_Submissions
A1: ASSESSMENT SUBMISSIONS DATABASE This table receives Microsoft Forms responses through Power Automate.
A4: SubmissionID | B4: SubmissionDate | C4: TeacherName | D4: GradeLevel | E4: Section | F4: Quarter | G4: AssessmentType | H4: Subject | I4: TotalLearners | J4: TotalItems | K4: MeanScore | L4: MPS | M4: PerformanceLevel | N4: AtRiskLearners | O4: MasteredCompetency | P4: LeastMasteredCompetency | Q4: UploadedFileName | R4: UploadedFileLink | S4: Status | T4: Remarks
A5: 1001 | B5: 46230.389 | C5: Jenny Queen L. Orillaneda | D5: Grade 1 | E5: MAGKONO | F5: 1st Quarter | G5: Periodical Exam | H5: English | I5: 20 | J5: 50 | K5: 36 | L5: =IFERROR(K5/J5,0) -> 0.72 | M5: =IF(L5>=0.75,"Proficient",IF(L5>=0.5,"Nearly Proficient",IF(L5>=0.25,"Low Proficient","Not Proficient"))) -> Nearly Proficient | N5: 4 | O5: Polite expressions | P5: Letter-sound recognition | Q5: G1_English_Periodical.pdf | R5: https://contoso.sharepoint.com/sites/MAMON/Shared%20Documents/FormsUploads/G1_English_Periodical.pdf | S5: For Checking | T5: Sample only
A6: 1002 | B6: 46230.424 | C6: Maria Fatima R. Peñanueva | D6: Grade 2 | E6: NARRA | F6: 1st Quarter | G6: Summative Test | H6: Mathematics | I6: 20 | J6: 40 | K6: 21 | L6: =IFERROR(K6/J6,0) -> 0.525 | M6: =IF(L6>=0.75,"Proficient",IF(L6>=0.5,"Nearly Proficient",IF(L6>=0.25,"Low Proficient","Not Proficient"))) -> Nearly Proficient | N6: 8 | O6: Counting 1-100 | P6: Multi-step word math | Q6: G2_Math_Summative.xlsx | R6: https://contoso.sharepoint.com/sites/MAMON/Shared%20Documents/FormsUploads/G2_Math_Summative.xlsx | S6: For Checking | T6: Sample only
A7: 1003 | B7: 46230.479 | C7: Jessa Mae R. Flores | D7: Grade 3 | E7: TOOG | F7: 1st Quarter | G7: Diagnostic Test | H7: Filipino | I7: 20 | J7: 30 | K7: 24 | L7: =IFERROR(K7/J7,0) -> 0.8 | M7: =IF(L7>=0.75,"Proficient",IF(L7>=0.5,"Nearly Proficient",IF(L7>=0.25,"Low Proficient","Not Proficient"))) -> Proficient | N7: 2 | O7: Listening comprehension | P7: Written expression | Q7: G3_Filipino_Diagnostic.pdf | R7: https://contoso.sharepoint.com/sites/MAMON/Shared%20Documents/FormsUploads/G3_Filipino_Diagnostic.pdf | S7: Submitted | T7: Sample only
L8: =IFERROR(K8/J8,"") | M8: =IF(L8="","",IF(L8>=0.75,"Proficient",IF(L8>=0.5,"Nearly Proficient",IF(L8>=0.25,"Low Proficient","Not Proficient"))))
L9: =IFERROR(K9/J9,"") | M9: =IF(L9="","",IF(L9>=0.75,"Proficient",IF(L9>=0.5,"Nearly Proficient",IF(L9>=0.25,"Low Proficient","Not Proficient"))))
L10: =IFERROR(K10/J10,"") | M10: =IF(L10="","",IF(L10>=0.75,"Proficient",IF(L10>=0.5,"Nearly Proficient",IF(L10>=0.25,"Low Proficient","Not Proficient"))))
L11: =IFERROR(K11/J11,"") | M11: =IF(L11="","",IF(L11>=0.75,"Proficient",IF(L11>=0.5,"Nearly Proficient",IF(L11>=0.25,"Low Proficient","Not Proficient"))))
L12: =IFERROR(K12/J12,"") | M12: =IF(L12="","",IF(L12>=0.75,"Proficient",IF(L12>=0.5,"Nearly Proficient",IF(L12>=0.25,"Low Proficient","Not Proficient"))))
L13: =IFERROR(K13/J13,"") | M13: =IF(L13="","",IF(L13>=0.75,"Proficient",IF(L13>=0.5,"Nearly Proficient",IF(L13>=0.25,"Low Proficient","Not Proficient"))))
L14: =IFERROR(K14/J14,"") | M14: =IF(L14="","",IF(L14>=0.75,"Proficient",IF(L14>=0.5,"Nearly Proficient",IF(L14>=0.25,"Low Proficient","Not Proficient"))))
L15: =IFERROR(K15/J15,"") | M15: =IF(L15="","",IF(L15>=0.75,"Proficient",IF(L15>=0.5,"Nearly Proficient",IF(L15>=0.25,"Low Proficient","Not Proficient"))))
L16: =IFERROR(K16/J16,"") | M16: =IF(L16="","",IF(L16>=0.75,"Proficient",IF(L16>=0.5,"Nearly Proficient",IF(L16>=0.25,"Low Proficient","Not Proficient"))))
L17: =IFERROR(K17/J17,"") | M17: =IF(L17="","",IF(L17>=0.75,"Proficient",IF(L17>=0.5,"Nearly Proficient",IF(L17>=0.25,"Low Proficient","Not Proficient"))))
L18: =IFERROR(K18/J18,"") | M18: =IF(L18="","",IF(L18>=0.75,"Proficient",IF(L18>=0.5,"Nearly Proficient",IF(L18>=0.25,"Low Proficient","Not Proficient"))))
L19: =IFERROR(K19/J19,"") | M19: =IF(L19="","",IF(L19>=0.75,"Proficient",IF(L19>=0.5,"Nearly Proficient",IF(L19>=0.25,"Low Proficient","Not Proficient"))))
... L54: =IFERROR(K54/J54,"") | M54: =IF(L54="","",IF(L54>=0.75,"Proficient",IF(L54>=0.5,"Nearly Proficient",IF(L54>=0.25,"Low Proficient","Not Proficient"))))
A57: Dashboard hyperlink formula sample: | B57: =IF(#REF!="","No File",HYPERLINK(#REF!,"View File")) -> #REF!

Sheet View_Only_Sharing_Guide
A1: VIEW-ONLY DASHBOARD SHARING GUIDE Use this guide to let teachers see updates/results without allowing them to edit the workbook.
A5: Method | B5: Recommended Use | C5: Who Can Use | D5: Permission | E5: Steps | F5: Risk Level | G5: Best For | H5: Notes
A6: Excel Online View Only | B6: Fastest deployment | C6: Teachers and principal | D6: Can view only | E6: Upload workbook to SharePoint/OneDrive > Share > Specific people > Can view | F6: Low | G6: Small school setup | H6: Do not share edit link
A7: Power BI Dashboard | B7: Best presentation/viewing experience | C7: Teachers/principal | D7: Viewer only | E7: Connect Power BI to workbook > publish report > share app/dashboard as viewer | F7: Very Low | G7: Formal dashboard viewing | H7: Protects workbook formulas
A8: Power Apps Teacher Portal | B8: Best future upgrade | C8: Teachers/admin/principal | D8: App user only | E8: Build app > filter by User().Email > share as User | F8: Low | G8: Teacher login portal | H8: Requires more setup
A9: Direct Excel Editing | B9: Not recommended for teachers | C9: Admin only | D9: Can edit | E9: Only system owner/admin should edit workbook | F9: High | G9: Admin maintenance | H9: May break formulas if shared broadly
A12: IMPORTANT: Teachers should submit through Microsoft Forms and view through Power BI or Excel Online view-only. Do not give teachers edit access to the main workbook because formulas, table names, and Power Automate mappings can break.

Sheet Access_Control
A1: USER ACCESS AND VIEW-ONLY CONTROL Use this sheet to manage teacher emails, roles, assigned grade/section, and dashboard viewing rights.
A5: UserID | B5: UserName | C5: Email | D5: Role | E5: AssignedGrade | F5: AssignedSection | G5: CanSubmit | H5: CanViewTeacherDashboard | I5: CanViewAllResults | J5: CanEditWorkbook | K5: Status | L5: Notes
A6: 1 | B6: Jenny Queen L. Orillaneda | C6: jenny.teacher@deped.gov.ph | D6: Teacher | E6: Grade 1 | F6: MAGKONO | G6: Yes | H6: Yes | I6: No | J6: No | K6: Active | L6: View own class results only
A7: 2 | B7: Maria Fatima R. Peñanueva | C7: maria.teacher@deped.gov.ph | D7: Teacher | E7: Grade 2 | F7: NARRA | G7: Yes | H7: Yes | I7: No | J7: No | K7: Active | L7: View own class results only
A8: 3 | B8: Jessa Mae R. Flores | C8: jessa.teacher@deped.gov.ph | D8: Teacher | E8: Grade 3 | F8: TOOG | G8: Yes | H8: Yes | I8: No | J8: No | K8: Active | L8: View own class results only
A9: 4 | B9: Alma C. Nayre | C9: alma.teacher@deped.gov.ph | D9: Teacher | E9: Grade 4 | F9: TUGAS | G9: Yes | H9: Yes | I9: No | J9: No | K9: Active | L9: View own class results only
A10: 5 | B10: Lendon B. Abonales | C10: lendon.teacher@deped.gov.ph | D10: Teacher | E10: Grade 5 | F10: LAUAAN | G10: Yes | H10: Yes | I10: No | J10: No | K10: Active | L10: View own class results only
A11: 6 | B11: Mark Zoilo C. Tajonera | C11: mark.teacher@deped.gov.ph | D11: Teacher | E11: Grade 6 | F11: YAKAL | G11: Yes | H11: Yes | I11: No | J11: No | K11: Active | L11: View own class results only
A12: 7 | B12: Jasper S. Campado | C12: jasper_campado@deped.gov.ph | D12: Admin | E12: All | F12: All | G12: Yes | H12: Yes | I12: Yes | J12: Yes | K12: Active | L12: System owner/admin
A13: 8 | B13: Mr. Eric Palingcod | C13: principal@deped.gov.ph | D13: Principal | E13: All | F13: All | G13: No | H13: Yes | I13: Yes | J13: No | K13: Active | L13: View all dashboards

Sheet Teacher_Template_Guide
A1: TEACHER EXCEL UPLOAD TEMPLATE GUIDE Teachers must use the separate template workbook and must not rename the table tblTeacherResults.
A5: Step | B5: Instruction | C5: Reason | D5: Teacher Action | E5: Admin Check | F5: Common Error | G5: Fix | H5: Status
A6: 1 | B6: Download official template: MAM_ON_ES_Teacher_Result_Upload_Template.xlsx | C6: Power Automate expects one standard structure | D6: Download copy for every assessment | E6: Confirm file extension is .xlsx | F6: Teacher uses old format | G6: Resend official template | H6: Required
A7: 2 | B7: Fill out only the learner rows and RawScore column | C7: Prevents broken formulas and mappings | D7: Encode learner scores inside the table | E7: Check RawScore and TotalItems | F7: Data typed outside table | G7: Copy data into tblTeacherResults | H7: Required
A8: 3 | B8: Do not rename sheet or table | C8: Flow reads tblTeacherResults | D8: Leave structure unchanged | E8: Open file and verify table name | F8: Table not found error | G8: Restore table name tblTeacherResults | H8: Required
A9: 4 | B9: Upload through Microsoft Forms link | C9: Creates audit trail and file link | D9: Submit one Excel file per subject/assessment | E9: Check flow run history | F9: Wrong file uploaded | G9: Return submission for correction | H9: Required
A10: 5 | B10: Wait for dashboard status | C10: Status starts as For Checking | D10: Open view-only dashboard | E10: Principal/admin reviews | F10: Dashboard not updated | G10: Check flow failure and table names | H10: Required

Sheet Power_Automate_Flow
A1: SAMPLE POWER AUTOMATE FLOW Teacher uploads report by Microsoft Forms, then Excel dashboard updates automatically.
A4: Step | B4: Connector | C4: Action | D4: Configuration | E4: Input / Expression | F4: Output Used | G4: Success Check | H4: If Failed | I4: Owner | J4: Notes
A5: 1 | B5: Microsoft Forms | C5: When a new response is submitted | D5: Form Id: MAM-ON ES Assessment Result Submission Form | E5: Response Id | F5: Triggers flow | G5: New run appears | H5: Check form permissions | I5: Admin | J5: This starts every teacher submission.
A6: 2 | B6: Microsoft Forms | C6: Get response details | D6: Form Id: same form; Response Id: Response Id | E6: Response Id from Step 1 | F6: All answers | G6: Answers visible in run history | H6: Re-select form ID | I6: Admin | J6: Use dynamic content from this step for mapping.
A7: 3 | B7: Excel Online (Business) | C7: Add a row into a table | D7: File: workbook; Table: tblAssessmentSubmissions | E7: Map fields using Form_Mapping_Guide | F7: New assessment row | G7: New row appears in Assessment_Submissions | H7: Check file is in OneDrive/SharePoint and table exists | I7: Admin | J7: Set Status = For Checking.
A8: 4 | B8: Excel Online (Business) | C8: Update a row | D8: Table: tblSubmissions; Key Column: TeacherName | E8: TeacherName, DateSubmitted=utcNow(), ReviewStatus=For Checking | F8: Teacher status updated | G8: Dashboard changes to blue For Checking | H8: Check exact TeacherName spelling | I8: Admin | J8: Use GradeLevel/TeacherName as matching key.
A9: 5 | B9: Outlook | C9: Send an email | D9: To: Teacher email or admin/principal | E9: Submission summary + file link | F9: Confirmation email | G9: Teacher receives email | H9: Check mailbox permissions | I9: Admin | J9: Optional but recommended.
A10: 6 | B10: Excel Online (Business) | C10: Optional: Add row to audit log | D10: Table: tblLISSync or separate tblSubmissionAudit | E10: utcNow(), Response Id, TeacherName | F10: Audit trail | G10: Audit row appears | H10: Check target table | I10: Admin | J10: Useful for records and troubleshooting.
A14: Useful Expressions
A15: Current date/time | B15: utcNow()
A16: Set review status | B16: For Checking
A17: Dashboard clickable link formula | B17: =IF(#REF!="","No File",HYPERLINK(#REF!,"View File")) -> #REF!
A18: MPS formula | B18: =IFERROR(#REF!/#REF!,0) -> 0
A19: Performance level formula | B19: =IF(#REF!>=0.75,"Proficient",IF(#REF!>=0.5,"Nearly Proficient",IF(#REF!>=0.25,"Low Proficient","Not Proficient"))) -> #REF!
A22: OPTION B: AUTOMATIC EXTRACTION FROM UPLOADED TEACHER EXCEL FILE
A23: Step | B23: Action | C23: Target | D23: Important Setting | E23: Expression / Mapping | F23: Expected Output | G23: Common Failure | H23: Fix | I23: Required? | J23: Notes
A24: 1 | B24: Microsoft Forms - When response submitted | C24: Teacher upload form | D24: Use official form | E24: Response Id | F24: Flow starts | G24: No run created | H24: Check form selected | I24: Yes | J24: Teacher must use org account
A25: 2 | B25: Microsoft Forms - Get response details | C25: Same form | D25: Response Id from trigger | E25: Teacher fields + file upload answer | F25: Answers available | G25: Upload field blank | H25: Make upload required | I25: Yes
A26: 3 | B26: Compose or Parse JSON | C26: Upload Excel Result File | D26: Convert upload answer to JSON | E26: json(outputs('Get_response_details')?['body/UPLOAD_FIELD_ID']) | F26: File name/link/id extracted | G26: Property selection error | H26: Use json() conversion | I26: Yes | J26: Replace UPLOAD_FIELD_ID
A27: 4 | B27: Apply to each uploaded file | C27: Compose output | D27: One file limit recommended | E27: items('Apply_to_each')?['name']; items('Apply_to_each')?['link'] | F27: File metadata available | G27: Multiple files cause duplicates | H27: Limit upload to 1 file | I27: Yes
A28: 5 | B28: Excel Online - List rows present in a table | C28: Uploaded teacher file | D28: Table name: tblTeacherResults; Pagination On | E28: Use uploaded file identifier | F28: Learner rows read | G28: Table not found | H28: Use official template | I28: Yes | J28: Threshold 5000
A29: 6 | B29: Apply to each learner row | C29: Rows from step 5 | D29: Loop over value array | E29: items('Apply_to_each_row')?['LRN'] etc. | F29: One row per learner | G29: Dynamic columns missing | H29: Use manual expressions | I29: Yes
A30: 7 | B30: Excel Online - Add a row into a table | C30: Main workbook tblLearnerScores | D30: File: Main system workbook | E30: Map every learner row to Learner_Scores | F30: Dashboard receives learner score | G30: Wrong workbook or table | H30: Select tblLearnerScores | I30: Yes
A31: 8 | B31: Excel Online - Add summary row | C31: tblAssessmentSubmissions | D31: Status = For Checking | E31: UploadedFileLink = file link | F31: Teacher status visible | G31: Dashboard shows no file | H31: Map link property | I31: Yes
A32: 9 | B32: Excel Online - Update row | C32: tblSubmissions | D32: Key: TeacherName or TeacherEmail | E32: DateSubmitted=utcNow(); ReviewStatus=For Checking | F32: Teacher status turns blue | G32: Key not found | H32: Use exact teacher name/email | I32: Recommended
A33: 10 | B33: Outlook - Send email | C33: Teacher/Admin/Principal | D33: Include status and file link | E33: Confirmation message | F33: Email received | G33: No email sent | H33: Check permissions | I33: Optional

Sheet Form_Mapping_Guide
A1: MICROSOFT FORMS TO EXCEL MAPPING GUIDE Use this exact guide when configuring Power Automate: Add a row into a table.
A4: Excel Column | B4: Power Automate Value | C4: Source Step | D4: Example | E4: Required? | F4: Notes | G4: Validation | H4: Dashboard Effect
A5: SubmissionID | B5: Response Id | C5: When a new response is submitted | D5: 1001 | E5: Yes | F5: Unique ID from Microsoft Forms. | G5: Number/Text | H5: Prevents duplicate tracking
A6: SubmissionDate | B6: utcNow() | C6: Expression | D6: 2026-07-27 09:20 | E6: Yes | F6: Use current submission date/time. | G6: DateTime | H6: Dashboard shows latest submission
A7: TeacherName | B7: Teacher Name | C7: Get response details | D7: Jenny Queen L. Orillaneda | E7: Yes | F7: Use exact names matching Teacher_Submissions. | G7: Choice/Text | H7: Links submission to teacher
A8: GradeLevel | B8: Grade Level | C8: Get response details | D8: Grade 1 | E8: Yes | F8: Use dropdown choices to avoid spelling issues. | G8: Choice | H8: Filters by grade
A9: Section | B9: Section | C9: Get response details | D9: MAGKONO | E9: Yes | F9: Use section choices. | G9: Choice | H9: Displays section
A10: Quarter | B10: Quarter | C10: Get response details | D10: 1st Quarter | E10: Yes | F10: Quarter monitoring. | G10: Choice | H10: Used in compliance dashboard
A11: AssessmentType | B11: Assessment Type | C11: Get response details | D11: Periodical Exam | E11: Yes | F11: Diagnostic, Summative, Periodical, etc. | G11: Choice | H11: Groups reports by assessment type
A12: Subject | B12: Subject | C12: Get response details | D12: Mathematics | E12: Yes | F12: Subject of report. | G12: Choice | H12: Updates subject analytics
A13: TotalLearners | B13: Total Learners | C13: Get response details | D13: 20 | E13: Yes | F13: Number of learners assessed. | G13: Number | H13: Used for participation checking
A14: TotalItems | B14: Total Items | C14: Get response details | D14: 50 | E14: Yes | F14: Total possible score/items. | G14: Number | H14: Used for MPS
A15: MeanScore | B15: Mean Score | C15: Get response details | D15: 35 | E15: Yes | F15: Class mean score. | G15: Number | H15: Used for MPS
A16: MPS | B16: Leave blank or Excel formula | C16: Excel formula | D16: =IFERROR(K5/J5,0) -> 0 | E16: No | F16: Excel calculates this automatically. | G16: Formula | H16: Updates performance charts
A17: PerformanceLevel | B17: Leave blank or Excel formula | C17: Excel formula | D17: Nearly Proficient | E17: No | F17: Excel calculates level using MPS bands. | G17: Formula | H17: Shows proficiency band
A18: AtRiskLearners | B18: Number of At-Risk Learners | C18: Get response details | D18: 5 | E18: Yes | F18: Learners below target. | G18: Number | H18: Updates risk chart
A19: MasteredCompetency | B19: Mastered Competency | C19: Get response details | D19: Basic operations | E19: No | F19: Teacher input based on item analysis. | G19: Text | H19: Feeds action plan
A20: LeastMasteredCompetency | B20: Least Mastered Competency | C20: Get response details | D20: Fractions | E20: No | F20: Priority remediation area. | G20: Text | H20: Feeds priority list
A21: UploadedFileName | B21: Upload Report File name | C21: Forms file upload JSON/details | D21: G1_Math_Report.pdf | E21: Yes if upload required | F21: If dynamic content returns JSON, extract file name. | G21: File/Text | H21: Shows proof of submission
A22: UploadedFileLink | B22: Upload Report File link | C22: Forms file upload JSON/details | D22: https://... | E22: Yes if upload required | F22: Save the secure SharePoint/OneDrive link here. | G22: URL | H22: Dashboard View File link
A23: Status | B23: For Checking | C23: Manual value | D23: For Checking | E23: Yes | F23: Set all new submissions to For Checking first. | G23: Choice | H23: Blue review status
A24: Remarks | B24: Remarks | C24: Get response details | D24: Test submission | E24: No | F24: Teacher notes. | G24: Text | H24: Admin context

Sheet File_Link_Test
A1: FILE LINK TESTING CHECKLIST Complete this before giving the submission link to all teachers.
A4: Test No. | B4: Test Item | C4: Expected Result | D4: Test Account | E4: Result | F4: Date Tested | G4: Issue Found | H4: Fix / Notes
A5: 1 | B5: Submit test Microsoft Form response | C5: Flow run starts automatically | D5: Admin | E5: Pending
A6: 2 | B6: Upload sample PDF report | C6: PDF is accepted by Forms | D6: Teacher | E6: Pending
A7: 3 | B7: Upload sample Excel report | C7: Excel is accepted by Forms | D7: Teacher | E7: Pending
A8: 4 | B8: Power Automate Get response details | C8: Uploaded file details are visible | D8: Admin | E8: Pending
A9: 5 | B9: Add row into tblAssessmentSubmissions | C9: New row appears in workbook | D9: Admin | E9: Pending
A10: 6 | B10: UploadedFileLink is saved | C10: Link cell is not blank | D10: Admin | E10: Pending
A11: 7 | B11: Click View File link in dashboard/table | C11: Uploaded file opens | D11: Admin | E11: Pending
A12: 8 | B12: Principal account opens link | C12: Principal can open file after sign-in | D12: Principal | E12: Pending
A13: 9 | B13: Status updates to For Checking | C13: Dashboard status turns blue | D13: Admin | E13: Pending
A14: 10 | B14: Review accepted submission | C14: Status can be changed to Submitted / green | D14: Admin | E14: Pending
A15: 11 | B15: Return incorrect submission | C15: Status can be changed to Returned / purple | D15: Admin | E15: Pending
A16: 12 | B16: Delete or mark test row | C16: Test data removed or labeled sample | D16: Admin | E16: Pending

Sheet SBFP_Dashboard
A1: SBFP AND INVENTORY DASHBOARD Beneficiary nutrition monitoring, feeding attendance, and stock alerts. | AA1: Metric | AB1: Value
AA2: SBFP Beneficiaries | AB2: =COUNTA(SBFP_Beneficiaries!B5:B104) -> 6
AA3: Average Current BMI | AB3: =AVERAGE(SBFP_Beneficiaries!O5:O104) -> 14.28646
AA4: Average Weight Change | AB4: =AVERAGE(SBFP_Beneficiaries!P5:P104) -> 0.56666667
A5: BENEFICIARIES | F5: AVG CURRENT BMI | J5: AVG WEIGHT CHANGE | AA5: Average Attendance Rate | AB5: =AVERAGE(SBFP_Beneficiaries!T5:T104) -> 0.0525
B6: =AB2 -> 6 | G6: =AB3 -> 14.28646 | K6: =AB4 -> 0.56666667 | AA6: Meals Served | AB6: =COUNTIF(SBFP_Feeding_Log!I5:I500,"Yes") -> 78
AA7: Absences | AB7: =COUNTIF(SBFP_Feeding_Log!I5:I500,"No") -> 6
A8: Total monitored learners | F8: BMI value only | J8: kg change from baseline | AA8: Inventory Items | AB8: =COUNTA(School_Inventory!A5:A104) -> 6
AA9: Reorder Items | AB9: =COUNTIF(School_Inventory!J5:J104,"Reorder") -> 0
A10: ATTENDANCE RATE | F10: MEALS SERVED | J10: STOCK ALERTS | AA10: Out of Stock | AB10: =COUNTIF(School_Inventory!J5:J104,"Out of Stock") -> 0
B11: =AB5 -> 0.0525 | G11: =AB6 -> 78 | K11: =AB10+AB11 -> 17110 | AA11: Total Inventory Value | AB11: =SUM(School_Inventory!P5:P104) -> 17110
AA12: Target Feeding Days | AB12: 20
A13: feeding attendance | F13: present feeding records | J13: Reorder/out-of-stock items
A16: BENEFICIARY BMI AND WEIGHT MONITORING | I16: INVENTORY REORDER ALERTS
A17: Learner | B17: Grade | C17: Baseline BMI | D17: Current BMI | E17: Weight Change | F17: Attendance | G17: Remarks | I17: Item | J17: Category | K17: Current Qty | L17: Reorder Level | M17: Status
A18: =SBFP_Beneficiaries!C5 -> Learner 021 | B18: =SBFP_Beneficiaries!E5 -> Grade 1 | C18: =SBFP_Beneficiaries!K5 -> 14.46281 | D18: =SBFP_Beneficiaries!O5 -> 14.771528 | E18: =SBFP_Beneficiaries!P5 -> 0.7 | F18: =SBFP_Beneficiaries!T5 -> 0.9 | G18: =SBFP_Beneficiaries!U5 -> Improving | I18: =School_Inventory!C5 -> Rice | J18: =School_Inventory!B5 -> SBFP Food | K18: =School_Inventory!H5 -> 90 | L18: =School_Inventory!I5 -> 30 | M18: =School_Inventory!J5 -> Available
A19: =SBFP_Beneficiaries!C6 -> Learner 041 | B19: =SBFP_Beneficiaries!E6 -> Grade 2 | C19: =SBFP_Beneficiaries!K6 -> 13.376932 | D19: =SBFP_Beneficiaries!O6 -> 13.557074 | E19: =SBFP_Beneficiaries!P6 -> 0.4 | F19: =SBFP_Beneficiaries!T6 -> 0.8 | G19: =SBFP_Beneficiaries!U6 -> Monitor attendance | I19: =School_Inventory!C6 -> Eggs | J19: =School_Inventory!B6 -> SBFP Food | K19: =School_Inventory!H6 -> 15 | L19: =School_Inventory!I6 -> 5 | M19: =School_Inventory!J6 -> Available
A20: =SBFP_Beneficiaries!C7 -> Learner 061 | B20: =SBFP_Beneficiaries!E7 -> Grade 3 | C20: =SBFP_Beneficiaries!K7 -> 13.660269 | D20: =SBFP_Beneficiaries!O7 -> 13.954512 | E20: =SBFP_Beneficiaries!P7 -> 0.6 | F20: =SBFP_Beneficiaries!T7 -> 1 | G20: =SBFP_Beneficiaries!U7 -> Good attendance | I20: =School_Inventory!C7 -> Vegetables | J20: =School_Inventory!B7 -> SBFP Food | K20: =School_Inventory!H7 -> 20 | L20: =School_Inventory!I7 -> 10 | M20: =School_Inventory!J7 -> Available
A21: =SBFP_Beneficiaries!C8 -> Learner 081 | B21: =SBFP_Beneficiaries!E8 -> Grade 4 | C21: =SBFP_Beneficiaries!K8 -> 13.640027 | D21: =SBFP_Beneficiaries!O8 -> 13.96386 | E21: =SBFP_Beneficiaries!P8 -> 0.7 | F21: =SBFP_Beneficiaries!T8 -> 0.85 | G21: =SBFP_Beneficiaries!U8 -> For follow-up | I21: =School_Inventory!C8 -> Food Containers | J21: =School_Inventory!B8 -> SBFP Supplies | K21: =School_Inventory!H8 -> 120 | L21: =School_Inventory!I8 -> 30 | M21: =School_Inventory!J8 -> Available
A22: =SBFP_Beneficiaries!C9 -> Learner 101 | B22: =SBFP_Beneficiaries!E9 -> Grade 5 | C22: =SBFP_Beneficiaries!K9 -> 14.133077 | D22: =SBFP_Beneficiaries!O9 -> 14.364067 | E22: =SBFP_Beneficiaries!P9 -> 0.6 | F22: =SBFP_Beneficiaries!T9 -> 0.95 | G22: =SBFP_Beneficiaries!U9 -> Improving | I22: =School_Inventory!C9 -> Bond Paper | J22: =School_Inventory!B9 -> Office Supply | K22: =School_Inventory!H9 -> 12 | L22: =School_Inventory!I9 -> 5 | M22: =School_Inventory!J9 -> Available
A23: =SBFP_Beneficiaries!C10 -> Learner 121 | B23: =SBFP_Beneficiaries!E10 -> Grade 6 | C23: =SBFP_Beneficiaries!K10 -> 15.009575 | D23: =SBFP_Beneficiaries!O10 -> 15.10772 | E23: =SBFP_Beneficiaries!P10 -> 0.4 | F23: =SBFP_Beneficiaries!T10 -> 0.75 | G23: =SBFP_Beneficiaries!U10 -> Needs monitoring | I23: =School_Inventory!C10 -> Printer Ink | J23: =School_Inventory!B10 -> ICT Equipment | K23: =School_Inventory!H10 -> 3 | L23: =School_Inventory!I10 -> 2 | M23: =School_Inventory!J10 -> Available
A27: Grade | B27: Beneficiaries
A28: Kinder | B28: =COUNTIF(SBFP_Beneficiaries!E:E,A28) -> 0
A29: Grade 1 | B29: =COUNTIF(SBFP_Beneficiaries!E:E,A29) -> 1
A30: Grade 2 | B30: =COUNTIF(SBFP_Beneficiaries!E:E,A30) -> 1
A31: Grade 3 | B31: =COUNTIF(SBFP_Beneficiaries!E:E,A31) -> 1
A32: Grade 4 | B32: =COUNTIF(SBFP_Beneficiaries!E:E,A32) -> 1
A33: Grade 5 | B33: =COUNTIF(SBFP_Beneficiaries!E:E,A33) -> 1
A34: Grade 6 | B34: =COUNTIF(SBFP_Beneficiaries!E:E,A34) -> 1

Sheet SBFP_Beneficiaries
A1: SCHOOL-BASED FEEDING PROGRAM BENEFICIARIES Height, weight, BMI, attendance summary, and nutritional monitoring.
A4: BeneficiaryID | B4: LRN | C4: LearnerName | D4: Sex | E4: GradeLevel | F4: Section | G4: Age | H4: BaselineDate | I4: BaselineHeight_cm | J4: BaselineWeight_kg | K4: BaselineBMI | L4: CurrentDate | M4: CurrentHeight_cm | N4: CurrentWeight_kg | O4: CurrentBMI | P4: WeightChange_kg | Q4: HeightChange_cm | R4: BMIChange | S4: FeedingDaysPresent | T4: FeedingAttendanceRate | U4: Remarks
A5: 1 | B5: LRN-000000000021 | C5: Learner 021 | E5: Grade 1 | F5: MAGKONO | G5: 6 | H5: 46204 | I5: 110 | J5: 17.5 | K5: =IFERROR(J5/((I5/100)^2),"") -> 14.46281 | L5: 46230 | M5: 111 | N5: 18.2 | O5: =IFERROR(N5/((M5/100)^2),"") -> 14.771528 | P5: =IF(OR(N5="",J5=""),"",N5-J5) -> 0.7 | Q5: =IF(OR(M5="",I5=""),"",M5-I5) -> 1 | R5: =IF(OR(O5="",K5=""),"",O5-K5) -> 0.30871837 | S5: 18 | T5: =IFERROR(S5/Dashboard!$AB$13,"") -> 0.9 | U5: Improving
A6: 2 | B6: LRN-000000000041 | C6: Learner 041 | E6: Grade 2 | F6: NARRA | G6: 7 | H6: 46204 | I6: 116 | J6: 18 | K6: =IFERROR(J6/((I6/100)^2),"") -> 13.376932 | L6: 46230 | M6: 116.5 | N6: 18.4 | O6: =IFERROR(N6/((M6/100)^2),"") -> 13.557074 | P6: =IF(OR(N6="",J6=""),"",N6-J6) -> 0.4 | Q6: =IF(OR(M6="",I6=""),"",M6-I6) -> 0.5 | R6: =IF(OR(O6="",K6=""),"",O6-K6) -> 0.18014195 | S6: 16 | T6: =IFERROR(S6/Dashboard!$AB$13,"") -> 0.8 | U6: Monitor attendance
A7: 3 | B7: LRN-000000000061 | C7: Learner 061 | E7: Grade 3 | F7: TOOG | G7: 8 | H7: 46204 | I7: 121 | J7: 20 | K7: =IFERROR(J7/((I7/100)^2),"") -> 13.660269 | L7: 46230 | M7: 121.5 | N7: 20.6 | O7: =IFERROR(N7/((M7/100)^2),"") -> 13.954512 | P7: =IF(OR(N7="",J7=""),"",N7-J7) -> 0.6 | Q7: =IF(OR(M7="",I7=""),"",M7-I7) -> 0.5 | R7: =IF(OR(O7="",K7=""),"",O7-K7) -> 0.29424325 | S7: 20 | T7: =IFERROR(S7/Dashboard!$AB$13,"") -> 1 | U7: Good attendance
A8: 4 | B8: LRN-000000000081 | C8: Learner 081 | E8: Grade 4 | F8: TUGAS | G8: 9 | H8: 46204 | I8: 127 | J8: 22 | K8: =IFERROR(J8/((I8/100)^2),"") -> 13.640027 | L8: 46230 | M8: 127.5 | N8: 22.7 | O8: =IFERROR(N8/((M8/100)^2),"") -> 13.96386 | P8: =IF(OR(N8="",J8=""),"",N8-J8) -> 0.7 | Q8: =IF(OR(M8="",I8=""),"",M8-I8) -> 0.5 | R8: =IF(OR(O8="",K8=""),"",O8-K8) -> 0.32383277 | S8: 17 | T8: =IFERROR(S8/Dashboard!$AB$13,"") -> 0.85 | U8: For follow-up
A9: 5 | B9: LRN-000000000101 | C9: Learner 101 | E9: Grade 5 | F9: LAUAAN | G9: 10 | H9: 46204 | I9: 133 | J9: 25 | K9: =IFERROR(J9/((I9/100)^2),"") -> 14.133077 | L9: 46230 | M9: 133.5 | N9: 25.6 | O9: =IFERROR(N9/((M9/100)^2),"") -> 14.364067 | P9: =IF(OR(N9="",J9=""),"",N9-J9) -> 0.6 | Q9: =IF(OR(M9="",I9=""),"",M9-I9) -> 0.5 | R9: =IF(OR(O9="",K9=""),"",O9-K9) -> 0.23099033 | S9: 19 | T9: =IFERROR(S9/Dashboard!$AB$13,"") -> 0.95 | U9: Improving
A10: 6 | B10: LRN-000000000121 | C10: Learner 121 | E10: Grade 6 | F10: YAKAL | G10: 11 | H10: 46204 | I10: 139 | J10: 29 | K10: =IFERROR(J10/((I10/100)^2),"") -> 15.009575 | L10: 46230 | M10: 139.5 | N10: 29.4 | O10: =IFERROR(N10/((M10/100)^2),"") -> 15.10772 | P10: =IF(OR(N10="",J10=""),"",N10-J10) -> 0.4 | Q10: =IF(OR(M10="",I10=""),"",M10-I10) -> 0.5 | R10: =IF(OR(O10="",K10=""),"",O10-K10) -> 0.098144508 | S10: 15 | T10: =IFERROR(S10/Dashboard!$AB$13,"") -> 0.75 | U10: Needs monitoring
K11: =IFERROR(J11/((I11/100)^2),"") | O11: =IFERROR(N11/((M11/100)^2),"") | P11: =IF(OR(N11="",J11=""),"",N11-J11) | Q11: =IF(OR(M11="",I11=""),"",M11-I11) | R11: =IF(OR(O11="",K11=""),"",O11-K11) | T11: =IFERROR(S11/Dashboard!$AB$13,"") -> 0
K12: =IFERROR(J12/((I12/100)^2),"") | O12: =IFERROR(N12/((M12/100)^2),"") | P12: =IF(OR(N12="",J12=""),"",N12-J12) | Q12: =IF(OR(M12="",I12=""),"",M12-I12) | R12: =IF(OR(O12="",K12=""),"",O12-K12) | T12: =IFERROR(S12/Dashboard!$AB$13,"") -> 0
K13: =IFERROR(J13/((I13/100)^2),"") | O13: =IFERROR(N13/((M13/100)^2),"") | P13: =IF(OR(N13="",J13=""),"",N13-J13) | Q13: =IF(OR(M13="",I13=""),"",M13-I13) | R13: =IF(OR(O13="",K13=""),"",O13-K13) | T13: =IFERROR(S13/Dashboard!$AB$13,"") -> 0
K14: =IFERROR(J14/((I14/100)^2),"") | O14: =IFERROR(N14/((M14/100)^2),"") | P14: =IF(OR(N14="",J14=""),"",N14-J14) | Q14: =IF(OR(M14="",I14=""),"",M14-I14) | R14: =IF(OR(O14="",K14=""),"",O14-K14) | T14: =IFERROR(S14/Dashboard!$AB$13,"") -> 0
K15: =IFERROR(J15/((I15/100)^2),"") | O15: =IFERROR(N15/((M15/100)^2),"") | P15: =IF(OR(N15="",J15=""),"",N15-J15) | Q15: =IF(OR(M15="",I15=""),"",M15-I15) | R15: =IF(OR(O15="",K15=""),"",O15-K15) | T15: =IFERROR(S15/Dashboard!$AB$13,"") -> 0
K16: =IFERROR(J16/((I16/100)^2),"") | O16: =IFERROR(N16/((M16/100)^2),"") | P16: =IF(OR(N16="",J16=""),"",N16-J16) | Q16: =IF(OR(M16="",I16=""),"",M16-I16) | R16: =IF(OR(O16="",K16=""),"",O16-K16) | T16: =IFERROR(S16/Dashboard!$AB$13,"") -> 0
K17: =IFERROR(J17/((I17/100)^2),"") | O17: =IFERROR(N17/((M17/100)^2),"") | P17: =IF(OR(N17="",J17=""),"",N17-J17) | Q17: =IF(OR(M17="",I17=""),"",M17-I17) | R17: =IF(OR(O17="",K17=""),"",O17-K17) | T17: =IFERROR(S17/Dashboard!$AB$13,"") -> 0
K18: =IFERROR(J18/((I18/100)^2),"") | O18: =IFERROR(N18/((M18/100)^2),"") | P18: =IF(OR(N18="",J18=""),"",N18-J18) | Q18: =IF(OR(M18="",I18=""),"",M18-I18) | R18: =IF(OR(O18="",K18=""),"",O18-K18) | T18: =IFERROR(S18/Dashboard!$AB$13,"") -> 0
K19: =IFERROR(J19/((I19/100)^2),"") | O19: =IFERROR(N19/((M19/100)^2),"") | P19: =IF(OR(N19="",J19=""),"",N19-J19) | Q19: =IF(OR(M19="",I19=""),"",M19-I19) | R19: =IF(OR(O19="",K19=""),"",O19-K19) | T19: =IFERROR(S19/Dashboard!$AB$13,"") -> 0
K20: =IFERROR(J20/((I20/100)^2),"") | O20: =IFERROR(N20/((M20/100)^2),"") | P20: =IF(OR(N20="",J20=""),"",N20-J20) | Q20: =IF(OR(M20="",I20=""),"",M20-I20) | R20: =IF(OR(O20="",K20=""),"",O20-K20) | T20: =IFERROR(S20/Dashboard!$AB$13,"") -> 0
K21: =IFERROR(J21/((I21/100)^2),"") | O21: =IFERROR(N21/((M21/100)^2),"") | P21: =IF(OR(N21="",J21=""),"",N21-J21) | Q21: =IF(OR(M21="",I21=""),"",M21-I21) | R21: =IF(OR(O21="",K21=""),"",O21-K21) | T21: =IFERROR(S21/Dashboard!$AB$13,"") -> 0
K22: =IFERROR(J22/((I22/100)^2),"") | O22: =IFERROR(N22/((M22/100)^2),"") | P22: =IF(OR(N22="",J22=""),"",N22-J22) | Q22: =IF(OR(M22="",I22=""),"",M22-I22) | R22: =IF(OR(O22="",K22=""),"",O22-K22) | T22: =IFERROR(S22/Dashboard!$AB$13,"") -> 0
... K104: =IFERROR(J104/((I104/100)^2),"") | O104: =IFERROR(N104/((M104/100)^2),"") | P104: =IF(OR(N104="",J104=""),"",N104-J104) | Q104: =IF(OR(M104="",I104=""),"",M104-I104) | R104: =IF(OR(O104="",K104=""),"",O104-K104) | T104: =IFERROR(S104/Dashboard!$AB$13,"") -> 0
A107: BMI Formula Used: | B107: BMI = Weight in kilograms / (Height in meters ^ 2)
A108: Important Note: | B108: For learners, BMI interpretation should be validated using official age/sex-based nutrition standards. This workbook calculates BMI value and school monitoring indicators only.

Sheet SBFP_Feeding_Log
A1: SBFP DAILY FEEDING ATTENDANCE LOG Track daily feeding attendance, meals served, and remarks.
A4: LogID | B4: Date | C4: BeneficiaryID | D4: LRN | E4: LearnerName | F4: GradeLevel | G4: Section | H4: MealServed | I4: Present | J4: ReasonIfAbsent | K4: DistributedBy | L4: TimeServed | M4: Remarks | N4: Month
A5: 1 | B5: 46204 | C5: 1 | D5: LRN-000000000021 | E5: Learner 021 | F5: Grade 1 | G5: MAGKONO | H5: Nutritious Meal Pack | I5: Yes | K5: SBFP Coordinator | L5: 9:30 AM | N5: =TEXT(B5,"mmm yyyy") -> Jul 2026
A6: 2 | B6: 46204 | C6: 2 | D6: LRN-000000000041 | E6: Learner 041 | F6: Grade 2 | G6: NARRA | H6: Nutritious Meal Pack | I6: Yes | K6: SBFP Coordinator | L6: 9:30 AM | N6: =TEXT(B6,"mmm yyyy") -> Jul 2026
A7: 3 | B7: 46204 | C7: 3 | D7: LRN-000000000061 | E7: Learner 061 | F7: Grade 3 | G7: TOOG | H7: Nutritious Meal Pack | I7: Yes | K7: SBFP Coordinator | L7: 9:30 AM | N7: =TEXT(B7,"mmm yyyy") -> Jul 2026
A8: 4 | B8: 46204 | C8: 4 | D8: LRN-000000000081 | E8: Learner 081 | F8: Grade 4 | G8: TUGAS | H8: Nutritious Meal Pack | I8: Yes | K8: SBFP Coordinator | L8: 9:30 AM | N8: =TEXT(B8,"mmm yyyy") -> Jul 2026
A9: 5 | B9: 46204 | C9: 5 | D9: LRN-000000000101 | E9: Learner 101 | F9: Grade 5 | G9: LAUAAN | H9: Nutritious Meal Pack | I9: Yes | K9: SBFP Coordinator | L9: 9:30 AM | N9: =TEXT(B9,"mmm yyyy") -> Jul 2026
A10: 6 | B10: 46204 | C10: 6 | D10: LRN-000000000121 | E10: Learner 121 | F10: Grade 6 | G10: YAKAL | H10: Nutritious Meal Pack | I10: Yes | K10: SBFP Coordinator | L10: 9:30 AM | N10: =TEXT(B10,"mmm yyyy") -> Jul 2026
A11: 7 | B11: 46205 | C11: 1 | D11: LRN-000000000021 | E11: Learner 021 | F11: Grade 1 | G11: MAGKONO | H11: Nutritious Meal Pack | I11: Yes | K11: SBFP Coordinator | L11: 9:30 AM | N11: =TEXT(B11,"mmm yyyy") -> Jul 2026
A12: 8 | B12: 46205 | C12: 2 | D12: LRN-000000000041 | E12: Learner 041 | F12: Grade 2 | G12: NARRA | H12: Nutritious Meal Pack | I12: Yes | K12: SBFP Coordinator | L12: 9:30 AM | N12: =TEXT(B12,"mmm yyyy") -> Jul 2026
A13: 9 | B13: 46205 | C13: 3 | D13: LRN-000000000061 | E13: Learner 061 | F13: Grade 3 | G13: TOOG | H13: Nutritious Meal Pack | I13: Yes | K13: SBFP Coordinator | L13: 9:30 AM | N13: =TEXT(B13,"mmm yyyy") -> Jul 2026
A14: 10 | B14: 46205 | C14: 4 | D14: LRN-000000000081 | E14: Learner 081 | F14: Grade 4 | G14: TUGAS | H14: Nutritious Meal Pack | I14: Yes | K14: SBFP Coordinator | L14: 9:30 AM | N14: =TEXT(B14,"mmm yyyy") -> Jul 2026
A15: 11 | B15: 46205 | C15: 5 | D15: LRN-000000000101 | E15: Learner 101 | F15: Grade 5 | G15: LAUAAN | H15: Nutritious Meal Pack | I15: Yes | K15: SBFP Coordinator | L15: 9:30 AM | N15: =TEXT(B15,"mmm yyyy") -> Jul 2026
A16: 12 | B16: 46205 | C16: 6 | D16: LRN-000000000121 | E16: Learner 121 | F16: Grade 6 | G16: YAKAL | H16: Nutritious Meal Pack | I16: Yes | K16: SBFP Coordinator | L16: 9:30 AM | N16: =TEXT(B16,"mmm yyyy") -> Jul 2026
... A35: 31 | B35: 46211 | C35: 1 | D35: LRN-000000000021 | E35: Learner 021 | F35: Grade 1 | G35: MAGKONO | H35: Nutritious Meal Pack | I35: Yes | K35: SBFP Coordinator | L35: 9:30 AM | N35: =TEXT(B35,"mmm yyyy") -> Jul 2026
A36: 32 | B36: 46211 | C36: 2 | D36: LRN-000000000041 | E36: Learner 041 | F36: Grade 2 | G36: NARRA | H36: Nutritious Meal Pack | I36: No | J36: Absent | K36: SBFP Coordinator | L36: 9:30 AM | N36: =TEXT(B36,"mmm yyyy") -> Jul 2026
A37: 33 | B37: 46211 | C37: 3 | D37: LRN-000000000061 | E37: Learner 061 | F37: Grade 3 | G37: TOOG | H37: Nutritious Meal Pack | I37: Yes | K37: SBFP Coordinator | L37: 9:30 AM | N37: =TEXT(B37,"mmm yyyy") -> Jul 2026
A38: 34 | B38: 46211 | C38: 4 | D38: LRN-000000000081 | E38: Learner 081 | F38: Grade 4 | G38: TUGAS | H38: Nutritious Meal Pack | I38: Yes | K38: SBFP Coordinator | L38: 9:30 AM | N38: =TEXT(B38,"mmm yyyy") -> Jul 2026
A39: 35 | B39: 46211 | C39: 5 | D39: LRN-000000000101 | E39: Learner 101 | F39: Grade 5 | G39: LAUAAN | H39: Nutritious Meal Pack | I39: Yes | K39: SBFP Coordinator | L39: 9:30 AM | N39: =TEXT(B39,"mmm yyyy") -> Jul 2026
A40: 36 | B40: 46211 | C40: 6 | D40: LRN-000000000121 | E40: Learner 121 | F40: Grade 6 | G40: YAKAL | H40: Nutritious Meal Pack | I40: No | J40: Absent | K40: SBFP Coordinator | L40: 9:30 AM | N40: =TEXT(B40,"mmm yyyy") -> Jul 2026
A41: 37 | B41: 46212 | C41: 1 | D41: LRN-000000000021 | E41: Learner 021 | F41: Grade 1 | G41: MAGKONO | H41: Nutritious Meal Pack | I41: Yes | K41: SBFP Coordinator | L41: 9:30 AM | N41: =TEXT(B41,"mmm yyyy") -> Jul 2026
A42: 38 | B42: 46212 | C42: 2 | D42: LRN-000000000041 | E42: Learner 041 | F42: Grade 2 | G42: NARRA | H42: Nutritious Meal Pack | I42: Yes | K42: SBFP Coordinator | L42: 9:30 AM | N42: =TEXT(B42,"mmm yyyy") -> Jul 2026
A43: 39 | B43: 46212 | C43: 3 | D43: LRN-000000000061 | E43: Learner 061 | F43: Grade 3 | G43: TOOG | H43: Nutritious Meal Pack | I43: Yes | K43: SBFP Coordinator | L43: 9:30 AM | N43: =TEXT(B43,"mmm yyyy") -> Jul 2026
A44: 40 | B44: 46212 | C44: 4 | D44: LRN-000000000081 | E44: Learner 081 | F44: Grade 4 | G44: TUGAS | H44: Nutritious Meal Pack | I44: Yes | K44: SBFP Coordinator | L44: 9:30 AM | N44: =TEXT(B44,"mmm yyyy") -> Jul 2026
A45: 41 | B45: 46212 | C45: 5 | D45: LRN-000000000101 | E45: Learner 101 | F45: Grade 5 | G45: LAUAAN | H45: Nutritious Meal Pack | I45: Yes | K45: SBFP Coordinator | L45: 9:30 AM | N45: =TEXT(B45,"mmm yyyy") -> Jul 2026
A46: 42 | B46: 46212 | C46: 6 | D46: LRN-000000000121 | E46: Learner 121 | F46: Grade 6 | G46: YAKAL | H46: Nutritious Meal Pack | I46: Yes | K46: SBFP Coordinator | L46: 9:30 AM | N46: =TEXT(B46,"mmm yyyy") -> Jul 2026
A47: 43 | B47: 46213 | C47: 1 | D47: LRN-000000000021 | E47: Learner 021 | F47: Grade 1 | G47: MAGKONO | H47: Nutritious Meal Pack | I47: Yes | K47: SBFP Coordinator | L47: 9:30 AM | N47: =TEXT(B47,"mmm yyyy") -> Jul 2026
A48: 44 | B48: 46213 | C48: 2 | D48: LRN-000000000041 | E48: Learner 041 | F48: Grade 2 | G48: NARRA | H48: Nutritious Meal Pack | I48: Yes | K48: SBFP Coordinator | L48: 9:30 AM | N48: =TEXT(B48,"mmm yyyy") -> Jul 2026
A49: 45 | B49: 46213 | C49: 3 | D49: LRN-000000000061 | E49: Learner 061 | F49: Grade 3 | G49: TOOG | H49: Nutritious Meal Pack | I49: Yes | K49: SBFP Coordinator | L49: 9:30 AM | N49: =TEXT(B49,"mmm yyyy") -> Jul 2026
A50: 46 | B50: 46213 | C50: 4 | D50: LRN-000000000081 | E50: Learner 081 | F50: Grade 4 | G50: TUGAS | H50: Nutritious Meal Pack | I50: Yes | K50: SBFP Coordinator | L50: 9:30 AM | N50: =TEXT(B50,"mmm yyyy") -> Jul 2026
A51: 47 | B51: 46213 | C51: 5 | D51: LRN-000000000101 | E51: Learner 101 | F51: Grade 5 | G51: LAUAAN | H51: Nutritious Meal Pack | I51: Yes | K51: SBFP Coordinator | L51: 9:30 AM | N51: =TEXT(B51,"mmm yyyy") -> Jul 2026
A52: 48 | B52: 46213 | C52: 6 | D52: LRN-000000000121 | E52: Learner 121 | F52: Grade 6 | G52: YAKAL | H52: Nutritious Meal Pack | I52: Yes | K52: SBFP Coordinator | L52: 9:30 AM | N52: =TEXT(B52,"mmm yyyy") -> Jul 2026
A53: 49 | B53: 46216 | C53: 1 | D53: LRN-000000000021 | E53: Learner 021 | F53: Grade 1 | G53: MAGKONO | H53: Nutritious Meal Pack | I53: Yes | K53: SBFP Coordinator | L53: 9:30 AM | N53: =TEXT(B53,"mmm yyyy") -> Jul 2026
A54: 50 | B54: 46216 | C54: 2 | D54: LRN-000000000041 | E54: Learner 041 | F54: Grade 2 | G54: NARRA | H54: Nutritious Meal Pack | I54: No | J54: Absent | K54: SBFP Coordinator | L54: 9:30 AM | N54: =TEXT(B54,"mmm yyyy") -> Jul 2026
A55: 51 | B55: 46216 | C55: 3 | D55: LRN-000000000061 | E55: Learner 061 | F55: Grade 3 | G55: TOOG | H55: Nutritious Meal Pack | I55: Yes | K55: SBFP Coordinator | L55: 9:30 AM | N55: =TEXT(B55,"mmm yyyy") -> Jul 2026
A56: 52 | B56: 46216 | C56: 4 | D56: LRN-000000000081 | E56: Learner 081 | F56: Grade 4 | G56: TUGAS | H56: Nutritious Meal Pack | I56: Yes | K56: SBFP Coordinator | L56: 9:30 AM | N56: =TEXT(B56,"mmm yyyy") -> Jul 2026
A57: 53 | B57: 46216 | C57: 5 | D57: LRN-000000000101 | E57: Learner 101 | F57: Grade 5 | G57: LAUAAN | H57: Nutritious Meal Pack | I57: Yes | K57: SBFP Coordinator | L57: 9:30 AM | N57: =TEXT(B57,"mmm yyyy") -> Jul 2026
A58: 54 | B58: 46216 | C58: 6 | D58: LRN-000000000121 | E58: Learner 121 | F58: Grade 6 | G58: YAKAL | H58: Nutritious Meal Pack | I58: No | J58: Absent | K58: SBFP Coordinator | L58: 9:30 AM | N58: =TEXT(B58,"mmm yyyy") -> Jul 2026
A59: 55 | B59: 46217 | C59: 1 | D59: LRN-000000000021 | E59: Learner 021 | F59: Grade 1 | G59: MAGKONO | H59: Nutritious Meal Pack | I59: Yes | K59: SBFP Coordinator | L59: 9:30 AM | N59: =TEXT(B59,"mmm yyyy") -> Jul 2026
A60: 56 | B60: 46217 | C60: 2 | D60: LRN-000000000041 | E60: Learner 041 | F60: Grade 2 | G60: NARRA | H60: Nutritious Meal Pack | I60: Yes | K60: SBFP Coordinator | L60: 9:30 AM | N60: =TEXT(B60,"mmm yyyy") -> Jul 2026
A61: 57 | B61: 46217 | C61: 3 | D61: LRN-000000000061 | E61: Learner 061 | F61: Grade 3 | G61: TOOG | H61: Nutritious Meal Pack | I61: Yes | K61: SBFP Coordinator | L61: 9:30 AM | N61: =TEXT(B61,"mmm yyyy") -> Jul 2026
A62: 58 | B62: 46217 | C62: 4 | D62: LRN-000000000081 | E62: Learner 081 | F62: Grade 4 | G62: TUGAS | H62: Nutritious Meal Pack | I62: Yes | K62: SBFP Coordinator | L62: 9:30 AM | N62: =TEXT(B62,"mmm yyyy") -> Jul 2026
A63: 59 | B63: 46217 | C63: 5 | D63: LRN-000000000101 | E63: Learner 101 | F63: Grade 5 | G63: LAUAAN | H63: Nutritious Meal Pack | I63: Yes | K63: SBFP Coordinator | L63: 9:30 AM | N63: =TEXT(B63,"mmm yyyy") -> Jul 2026
A64: 60 | B64: 46217 | C64: 6 | D64: LRN-000000000121 | E64: Learner 121 | F64: Grade 6 | G64: YAKAL | H64: Nutritious Meal Pack | I64: Yes | K64: SBFP Coordinator | L64: 9:30 AM | N64: =TEXT(B64,"mmm yyyy") -> Jul 2026
A65: 61 | B65: 46218 | C65: 1 | D65: LRN-000000000021 | E65: Learner 021 | F65: Grade 1 | G65: MAGKONO | H65: Nutritious Meal Pack | I65: Yes | K65: SBFP Coordinator | L65: 9:30 AM | N65: =TEXT(B65,"mmm yyyy") -> Jul 2026
A66: 62 | B66: 46218 | C66: 2 | D66: LRN-000000000041 | E66: Learner 041 | F66: Grade 2 | G66: NARRA | H66: Nutritious Meal Pack | I66: Yes | K66: SBFP Coordinator | L66: 9:30 AM | N66: =TEXT(B66,"mmm yyyy") -> Jul 2026
A67: 63 | B67: 46218 | C67: 3 | D67: LRN-000000000061 | E67: Learner 061 | F67: Grade 3 | G67: TOOG | H67: Nutritious Meal Pack | I67: Yes | K67: SBFP Coordinator | L67: 9:30 AM | N67: =TEXT(B67,"mmm yyyy") -> Jul 2026
A68: 64 | B68: 46218 | C68: 4 | D68: LRN-000000000081 | E68: Learner 081 | F68: Grade 4 | G68: TUGAS | H68: Nutritious Meal Pack | I68: Yes | K68: SBFP Coordinator | L68: 9:30 AM | N68: =TEXT(B68,"mmm yyyy") -> Jul 2026
A69: 65 | B69: 46218 | C69: 5 | D69: LRN-000000000101 | E69: Learner 101 | F69: Grade 5 | G69: LAUAAN | H69: Nutritious Meal Pack | I69: Yes | K69: SBFP Coordinator | L69: 9:30 AM | N69: =TEXT(B69,"mmm yyyy") -> Jul 2026
A70: 66 | B70: 46218 | C70: 6 | D70: LRN-000000000121 | E70: Learner 121 | F70: Grade 6 | G70: YAKAL | H70: Nutritious Meal Pack | I70: Yes | K70: SBFP Coordinator | L70: 9:30 AM | N70: =TEXT(B70,"mmm yyyy") -> Jul 2026
... A77: 73 | B77: 46220 | C77: 1 | D77: LRN-000000000021 | E77: Learner 021 | F77: Grade 1 | G77: MAGKONO | H77: Nutritious Meal Pack | I77: Yes | K77: SBFP Coordinator | L77: 9:30 AM | N77: =TEXT(B77,"mmm yyyy") -> Jul 2026
A78: 74 | B78: 46220 | C78: 2 | D78: LRN-000000000041 | E78: Learner 041 | F78: Grade 2 | G78: NARRA | H78: Nutritious Meal Pack | I78: No | J78: Absent | K78: SBFP Coordinator | L78: 9:30 AM | N78: =TEXT(B78,"mmm yyyy") -> Jul 2026
A79: 75 | B79: 46220 | C79: 3 | D79: LRN-000000000061 | E79: Learner 061 | F79: Grade 3 | G79: TOOG | H79: Nutritious Meal Pack | I79: Yes | K79: SBFP Coordinator | L79: 9:30 AM | N79: =TEXT(B79,"mmm yyyy") -> Jul 2026
A80: 76 | B80: 46220 | C80: 4 | D80: LRN-000000000081 | E80: Learner 081 | F80: Grade 4 | G80: TUGAS | H80: Nutritious Meal Pack | I80: Yes | K80: SBFP Coordinator | L80: 9:30 AM | N80: =TEXT(B80,"mmm yyyy") -> Jul 2026
A81: 77 | B81: 46220 | C81: 5 | D81: LRN-000000000101 | E81: Learner 101 | F81: Grade 5 | G81: LAUAAN | H81: Nutritious Meal Pack | I81: Yes | K81: SBFP Coordinator | L81: 9:30 AM | N81: =TEXT(B81,"mmm yyyy") -> Jul 2026
A82: 78 | B82: 46220 | C82: 6 | D82: LRN-000000000121 | E82: Learner 121 | F82: Grade 6 | G82: YAKAL | H82: Nutritious Meal Pack | I82: No | J82: Absent | K82: SBFP Coordinator | L82: 9:30 AM | N82: =TEXT(B82,"mmm yyyy") -> Jul 2026
A83: 79 | B83: 46223 | C83: 1 | D83: LRN-000000000021 | E83: Learner 021 | F83: Grade 1 | G83: MAGKONO | H83: Nutritious Meal Pack | I83: Yes | K83: SBFP Coordinator | L83: 9:30 AM | N83: =TEXT(B83,"mmm yyyy") -> Jul 2026
A84: 80 | B84: 46223 | C84: 2 | D84: LRN-000000000041 | E84: Learner 041 | F84: Grade 2 | G84: NARRA | H84: Nutritious Meal Pack | I84: Yes | K84: SBFP Coordinator | L84: 9:30 AM | N84: =TEXT(B84,"mmm yyyy") -> Jul 2026
A85: 81 | B85: 46223 | C85: 3 | D85: LRN-000000000061 | E85: Learner 061 | F85: Grade 3 | G85: TOOG | H85: Nutritious Meal Pack | I85: Yes | K85: SBFP Coordinator | L85: 9:30 AM | N85: =TEXT(B85,"mmm yyyy") -> Jul 2026
A86: 82 | B86: 46223 | C86: 4 | D86: LRN-000000000081 | E86: Learner 081 | F86: Grade 4 | G86: TUGAS | H86: Nutritious Meal Pack | I86: Yes | K86: SBFP Coordinator | L86: 9:30 AM | N86: =TEXT(B86,"mmm yyyy") -> Jul 2026
A87: 83 | B87: 46223 | C87: 5 | D87: LRN-000000000101 | E87: Learner 101 | F87: Grade 5 | G87: LAUAAN | H87: Nutritious Meal Pack | I87: Yes | K87: SBFP Coordinator | L87: 9:30 AM | N87: =TEXT(B87,"mmm yyyy") -> Jul 2026
A88: 84 | B88: 46223 | C88: 6 | D88: LRN-000000000121 | E88: Learner 121 | F88: Grade 6 | G88: YAKAL | H88: Nutritious Meal Pack | I88: Yes | K88: SBFP Coordinator | L88: 9:30 AM | N88: =TEXT(B88,"mmm yyyy") -> Jul 2026
N89: =IF(B89="","",TEXT(B89,"mmm yyyy"))
N90: =IF(B90="","",TEXT(B90,"mmm yyyy"))
N91: =IF(B91="","",TEXT(B91,"mmm yyyy"))
N92: =IF(B92="","",TEXT(B92,"mmm yyyy"))
N93: =IF(B93="","",TEXT(B93,"mmm yyyy"))
N94: =IF(B94="","",TEXT(B94,"mmm yyyy"))
N95: =IF(B95="","",TEXT(B95,"mmm yyyy"))
N96: =IF(B96="","",TEXT(B96,"mmm yyyy"))
N97: =IF(B97="","",TEXT(B97,"mmm yyyy"))
N98: =IF(B98="","",TEXT(B98,"mmm yyyy"))
N99: =IF(B99="","",TEXT(B99,"mmm yyyy"))
N100: =IF(B100="","",TEXT(B100,"mmm yyyy"))
... N204: =IF(B204="","",TEXT(B204,"mmm yyyy"))

Sheet School_Inventory
A1: SCHOOL INVENTORY AND SBFP STOCK MANAGEMENT Track school supplies, feeding supplies, stock-in, stock-out, and reorder alerts.
A4: ItemID | B4: Category | C4: ItemName | D4: Unit | E4: BeginningQty | F4: StockIn | G4: StockOut | H4: CurrentQty | I4: ReorderLevel | J4: Status | K4: Location | L4: Custodian | M4: LastUpdated | N4: Supplier/Source | O4: UnitCost | P4: TotalValue | Q4: Remarks | R4: ForProgram
A5: 1 | B5: SBFP Food | C5: Rice | D5: kg | E5: 50 | F5: 100 | G5: 60 | H5: =IF(A5="","",E5+F5-G5) -> 90 | I5: 30 | J5: =IF(A5="","",IF(H5<=0,"Out of Stock",IF(H5<=I5,"Reorder","Available"))) -> Available | K5: Feeding Storage | L5: SBFP Coordinator | M5: 46230 | N5: School/Donation | O5: 55 | P5: =IF(A5="","",H5*O5) -> 4950 | R5: SBFP
A6: 2 | B6: SBFP Food | C6: Eggs | D6: tray | E6: 10 | F6: 20 | G6: 15 | H6: =IF(A6="","",E6+F6-G6) -> 15 | I6: 5 | J6: =IF(A6="","",IF(H6<=0,"Out of Stock",IF(H6<=I6,"Reorder","Available"))) -> Available | K6: Feeding Storage | L6: SBFP Coordinator | M6: 46230 | N6: Supplier | O6: 250 | P6: =IF(A6="","",H6*O6) -> 3750 | R6: SBFP
A7: 3 | B7: SBFP Food | C7: Vegetables | D7: kg | E7: 15 | F7: 40 | G7: 35 | H7: =IF(A7="","",E7+F7-G7) -> 20 | I7: 10 | J7: =IF(A7="","",IF(H7<=0,"Out of Stock",IF(H7<=I7,"Reorder","Available"))) -> Available | K7: Feeding Storage | L7: SBFP Coordinator | M7: 46230 | N7: Local Supplier | O7: 80 | P7: =IF(A7="","",H7*O7) -> 1600 | R7: SBFP
A8: 4 | B8: SBFP Supplies | C8: Food Containers | D8: pcs | E8: 130 | F8: 0 | G8: 10 | H8: =IF(A8="","",E8+F8-G8) -> 120 | I8: 30 | J8: =IF(A8="","",IF(H8<=0,"Out of Stock",IF(H8<=I8,"Reorder","Available"))) -> Available | K8: Feeding Storage | L8: SBFP Coordinator | M8: 46230 | N8: School | O8: 20 | P8: =IF(A8="","",H8*O8) -> 2400 | R8: SBFP
A9: 5 | B9: Office Supply | C9: Bond Paper | D9: ream | E9: 8 | F9: 10 | G9: 6 | H9: =IF(A9="","",E9+F9-G9) -> 12 | I9: 5 | J9: =IF(A9="","",IF(H9<=0,"Out of Stock",IF(H9<=I9,"Reorder","Available"))) -> Available | K9: Office | L9: Admin | M9: 46230 | N9: MOOE | O9: 280 | P9: =IF(A9="","",H9*O9) -> 3360 | R9: General
A10: 6 | B10: ICT Equipment | C10: Printer Ink | D10: bottle | E10: 4 | F10: 2 | G10: 3 | H10: =IF(A10="","",E10+F10-G10) -> 3 | I10: 2 | J10: =IF(A10="","",IF(H10<=0,"Out of Stock",IF(H10<=I10,"Reorder","Available"))) -> Available | K10: Office | L10: Admin | M10: 46230 | N10: MOOE | O10: 350 | P10: =IF(A10="","",H10*O10) -> 1050 | R10: General
H11: =IF(A11="","",E11+F11-G11) | J11: =IF(A11="","",IF(H11<=0,"Out of Stock",IF(H11<=I11,"Reorder","Available"))) | P11: =IF(A11="","",H11*O11)
H12: =IF(A12="","",E12+F12-G12) | J12: =IF(A12="","",IF(H12<=0,"Out of Stock",IF(H12<=I12,"Reorder","Available"))) | P12: =IF(A12="","",H12*O12)
H13: =IF(A13="","",E13+F13-G13) | J13: =IF(A13="","",IF(H13<=0,"Out of Stock",IF(H13<=I13,"Reorder","Available"))) | P13: =IF(A13="","",H13*O13)
H14: =IF(A14="","",E14+F14-G14) | J14: =IF(A14="","",IF(H14<=0,"Out of Stock",IF(H14<=I14,"Reorder","Available"))) | P14: =IF(A14="","",H14*O14)
H15: =IF(A15="","",E15+F15-G15) | J15: =IF(A15="","",IF(H15<=0,"Out of Stock",IF(H15<=I15,"Reorder","Available"))) | P15: =IF(A15="","",H15*O15)
H16: =IF(A16="","",E16+F16-G16) | J16: =IF(A16="","",IF(H16<=0,"Out of Stock",IF(H16<=I16,"Reorder","Available"))) | P16: =IF(A16="","",H16*O16)
H17: =IF(A17="","",E17+F17-G17) | J17: =IF(A17="","",IF(H17<=0,"Out of Stock",IF(H17<=I17,"Reorder","Available"))) | P17: =IF(A17="","",H17*O17)
H18: =IF(A18="","",E18+F18-G18) | J18: =IF(A18="","",IF(H18<=0,"Out of Stock",IF(H18<=I18,"Reorder","Available"))) | P18: =IF(A18="","",H18*O18)
H19: =IF(A19="","",E19+F19-G19) | J19: =IF(A19="","",IF(H19<=0,"Out of Stock",IF(H19<=I19,"Reorder","Available"))) | P19: =IF(A19="","",H19*O19)
H20: =IF(A20="","",E20+F20-G20) | J20: =IF(A20="","",IF(H20<=0,"Out of Stock",IF(H20<=I20,"Reorder","Available"))) | P20: =IF(A20="","",H20*O20)
H21: =IF(A21="","",E21+F21-G21) | J21: =IF(A21="","",IF(H21<=0,"Out of Stock",IF(H21<=I21,"Reorder","Available"))) | P21: =IF(A21="","",H21*O21)
H22: =IF(A22="","",E22+F22-G22) | J22: =IF(A22="","",IF(H22<=0,"Out of Stock",IF(H22<=I22,"Reorder","Available"))) | P22: =IF(A22="","",H22*O22)
... H104: =IF(A104="","",E104+F104-G104) | J104: =IF(A104="","",IF(H104<=0,"Out of Stock",IF(H104<=I104,"Reorder","Available"))) | P104: =IF(A104="","",H104*O104)

Sheet Teacher_Submissions
A1: SubmissionID | B1: TeacherName | C1: GradeLevel | D1: Section | E1: Quarter | F1: SchoolYear | G1: RequiredReport | H1: Deadline | I1: DateSubmitted | J1: ReviewStatus | K1: Status | L1: DaysRemaining | M1: Remarks
A2: 1 | B2: Jenny Queen L. Orillaneda | C2: Grade 1 | D2: MAGKONO | E2: 1st Quarter | F2: 2026-2027 | G2: Exam Results and MPS | H2: 2026-07-30 | I2: 2026-07-27 | J2: Approved | K2: =IF(I2<>"",IF(J2="Returned","Returned",IF(J2="For Checking","For Checking","Submitted")),IF(TODAY()>H2,"Overdue","Due Soon")) -> Submitted | L2: =IF(I2<>"","Submitted",H2-TODAY()) -> Submitted | M2: Complete
A3: 2 | B3: Maria Fatima R. Peñanueva | C3: Grade 2 | D3: NARRA | E3: 1st Quarter | F3: 2026-2027 | G3: Exam Results and MPS | H3: 2026-07-30 | K3: =IF(I3<>"",IF(J3="Returned","Returned",IF(J3="For Checking","For Checking","Submitted")),IF(TODAY()>H3,"Overdue","Due Soon")) -> Due Soon | L3: =IF(I3<>"","Submitted",H3-TODAY()) -> 1
A4: 3 | B4: Jessa Mae R. Flores | C4: Grade 3 | D4: TOOG | E4: 1st Quarter | F4: 2026-2027 | G4: Exam Results and MPS | H4: 2026-07-30 | I4: 2026-07-27 | J4: Approved | K4: =IF(I4<>"",IF(J4="Returned","Returned",IF(J4="For Checking","For Checking","Submitted")),IF(TODAY()>H4,"Overdue","Due Soon")) -> Submitted | L4: =IF(I4<>"","Submitted",H4-TODAY()) -> Submitted | M4: Complete
A5: 4 | B5: Alma C. Nayre | C5: Grade 4 | D5: TUGAS | E5: 1st Quarter | F5: 2026-2027 | G5: Exam Results and MPS | H5: 2026-07-30 | I5: 2026-07-26 | J5: For Checking | K5: =IF(I5<>"",IF(J5="Returned","Returned",IF(J5="For Checking","For Checking","Submitted")),IF(TODAY()>H5,"Overdue","Due Soon")) -> For Checking | L5: =IF(I5<>"","Submitted",H5-TODAY()) -> Submitted | M5: Needs checking
A6: 5 | B6: Lendon B. Abonales | C6: Grade 5 | D6: LAUAAN | E6: 1st Quarter | F6: 2026-2027 | G6: Exam Results and MPS | H6: 2026-07-20 | K6: =IF(I6<>"",IF(J6="Returned","Returned",IF(J6="For Checking","For Checking","Submitted")),IF(TODAY()>H6,"Overdue","Due Soon")) -> Due Soon | L6: =IF(I6<>"","Submitted",H6-TODAY()) -> -9
A7: 6 | B7: Mark Zoilo C. Tajonera | C7: Grade 6 | D7: YAKAL | E7: 1st Quarter | F7: 2026-2027 | G7: Exam Results and MPS | H7: 2026-07-30 | I7: 2026-07-25 | J7: Returned | K7: =IF(I7<>"",IF(J7="Returned","Returned",IF(J7="For Checking","For Checking","Submitted")),IF(TODAY()>H7,"Overdue","Due Soon")) -> Returned | L7: =IF(I7<>"","Submitted",H7-TODAY()) -> Submitted | M7: Needs correction

Sheet Students
A1: StudentID | B1: LRN | C1: LearnerName | D1: Sex | E1: GradeLevel | F1: Section | G1: Adviser | H1: SchoolYear | I1: Status | J1: LastUpdated | K1: Source
A2: 1 | B2: LRN-000000000001 | C2: Learner 001 | E2: Kinder | F2: KAMAGONG | G2: Kinder Adviser | H2: 2026-2027 | I2: Active | J2: 46230 | K2: LIS Export
A3: 2 | B3: LRN-000000000002 | C3: Learner 002 | E3: Kinder | F3: KAMAGONG | G3: Kinder Adviser | H3: 2026-2027 | I3: Active | J3: 46230 | K3: LIS Export
A4: 3 | B4: LRN-000000000003 | C4: Learner 003 | E4: Kinder | F4: KAMAGONG | G4: Kinder Adviser | H4: 2026-2027 | I4: Active | J4: 46230 | K4: LIS Export
A5: 4 | B5: LRN-000000000004 | C5: Learner 004 | E5: Kinder | F5: KAMAGONG | G5: Kinder Adviser | H5: 2026-2027 | I5: Active | J5: 46230 | K5: LIS Export
A6: 5 | B6: LRN-000000000005 | C6: Learner 005 | E6: Kinder | F6: KAMAGONG | G6: Kinder Adviser | H6: 2026-2027 | I6: Active | J6: 46230 | K6: LIS Export
A7: 6 | B7: LRN-000000000006 | C7: Learner 006 | E7: Kinder | F7: KAMAGONG | G7: Kinder Adviser | H7: 2026-2027 | I7: Active | J7: 46230 | K7: LIS Export
A8: 7 | B8: LRN-000000000007 | C8: Learner 007 | E8: Kinder | F8: KAMAGONG | G8: Kinder Adviser | H8: 2026-2027 | I8: Active | J8: 46230 | K8: LIS Export
A9: 8 | B9: LRN-000000000008 | C9: Learner 008 | E9: Kinder | F9: KAMAGONG | G9: Kinder Adviser | H9: 2026-2027 | I9: Active | J9: 46230 | K9: LIS Export
A10: 9 | B10: LRN-000000000009 | C10: Learner 009 | E10: Kinder | F10: KAMAGONG | G10: Kinder Adviser | H10: 2026-2027 | I10: Active | J10: 46230 | K10: LIS Export
A11: 10 | B11: LRN-000000000010 | C11: Learner 010 | E11: Kinder | F11: KAMAGONG | G11: Kinder Adviser | H11: 2026-2027 | I11: Active | J11: 46230 | K11: LIS Export
A12: 11 | B12: LRN-000000000011 | C12: Learner 011 | E12: Kinder | F12: KAMAGONG | G12: Kinder Adviser | H12: 2026-2027 | I12: Active | J12: 46230 | K12: LIS Export
A13: 12 | B13: LRN-000000000012 | C13: Learner 012 | E13: Kinder | F13: KAMAGONG | G13: Kinder Adviser | H13: 2026-2027 | I13: Active | J13: 46230 | K13: LIS Export
... A131: 130 | B131: LRN-000000000130 | C131: Learner 130 | E131: Grade 6 | F131: YAKAL | G131: Mark Zoilo C. Tajonera | H131: 2026-2027 | I131: Active | J131: 46230 | K131: LIS Export

Sheet Scores
A1: ScoreID | B1: GradeLevel | C1: Section | D1: Subject | E1: TotalLearners | F1: TotalItems | G1: MeanScore | H1: MPS | I1: PerformanceLevel | J1: AtRiskLearners | K1: Mastered | L1: PriorityNeed
A2: 1 | B2: Kinder | C2: KAMAGONG | D2: Readiness | E2: 15 | F2: 20 | G2: 11.66 | H2: =G2/F2 -> 0.583 | I2: Nearly Proficient | J2: 4 | K2: Basic recognition | L2: Fine motor and directions
A3: 2 | B3: Grade 1 | C3: MAGKONO | D3: English | E3: 20 | F3: 20 | G3: 9.6 | H3: =G3/F3 -> 0.48 | I3: Low Proficient | J3: 8 | K3: Polite expressions | L3: Letter-sound recognition
A4: 3 | B4: Grade 1 | C4: MAGKONO | D4: Filipino | E4: 20 | F4: 20 | G4: 10.4 | H4: =G4/F4 -> 0.52 | I4: Nearly Proficient | J4: 5 | K4: Primary colors | L4: Reading simple words
A5: 4 | B5: Grade 1 | C5: MAGKONO | D5: Mathematics | E5: 20 | F5: 20 | G5: 9 | H5: =G5/F5 -> 0.45 | I5: Low Proficient | J5: 9 | K5: Counting objects | L5: Word math stories
A6: 5 | B6: Grade 1 | C6: MAGKONO | D6: GMRC | E6: 20 | F6: 20 | G6: 11 | H6: =G6/F6 -> 0.55 | I6: Nearly Proficient | J6: 4 | K6: Polite expressions | L6: Respect routines
A7: 6 | B7: Grade 2 | C7: NARRA | D7: English | E7: 20 | F7: 20 | G7: 7.6 | H7: =G7/F7 -> 0.38 | I7: Low Proficient | J7: 10 | K7: Animal naming | L7: Reading fluency
A8: 7 | B8: Grade 2 | C8: NARRA | D8: Filipino | E8: 20 | F8: 20 | G8: 10 | H8: =G8/F8 -> 0.5 | I8: Nearly Proficient | J8: 7 | K8: Basic vocabulary | L8: Comprehension
A9: 8 | B9: Grade 2 | C9: NARRA | D9: Mathematics | E9: 20 | F9: 20 | G9: 8 | H9: =G9/F9 -> 0.4 | I9: Low Proficient | J9: 11 | K9: Counting 1-100 | L9: Multi-step word math
A10: 9 | B10: Grade 3 | C10: TOOG | D10: English | E10: 20 | F10: 20 | G10: 12.4 | H10: =G10/F10 -> 0.62 | I10: Nearly Proficient | J10: 5 | K10: Sentence reading | L10: Reading comprehension
A11: 10 | B11: Grade 3 | C11: TOOG | D11: Filipino | E11: 20 | F11: 20 | G11: 15 | H11: =G11/F11 -> 0.75 | I11: Proficient | J11: 2 | K11: Listening comprehension | L11: Written expression
A12: 11 | B12: Grade 3 | C12: TOOG | D12: Mathematics | E12: 20 | F12: 20 | G12: 10.4 | H12: =G12/F12 -> 0.52 | I12: Nearly Proficient | J12: 5 | K12: Basic multiplication | L12: Scenario problems
A13: 12 | B13: Grade 4 | C13: TUGAS | D13: English | E13: 16 | F13: 20 | G13: 10 | H13: =G13/F13 -> 0.5 | I13: Nearly Proficient | J13: 5 | K13: Vocabulary | L13: Context clues
... A21: 20 | B21: Grade 6 | C21: YAKAL | D21: Mathematics | E21: 18 | F21: 20 | G21: 8 | H21: =G21/F21 -> 0.4 | I21: Low Proficient | J21: 10 | K21: Basic operations | L21: Ratio and percentage

Sheet LIS_Sync_Log
A1: SyncID | B1: UploadFileName | C1: SyncDateTime | D1: Added | E1: Updated | F1: ForVerification | G1: TotalProcessed | H1: ProcessedBy | I1: Status | J1: Notes
A2: 1 | B2: LIS_Export_SY2026_2027.xlsx | C2: 46230.441 | D2: 3 | E2: 127 | F2: 0 | G2: 130 | H2: Jasper S. Campado | I2: Completed | J2: Initial masterlist sync
A3: 2 | B3: LIS_Update_July.xlsx | C3: 46230.615 | D3: 0 | E3: 2 | F3: 1 | G3: 130 | H3: Jasper S. Campado | I3: Completed | J3: Updated sections and active status

Sheet Settings
A1: MAM-ON ELEMENTARY SCHOOL - SYSTEM SETTINGS
A2: Status | B2: Meaning | C2: Fill Color | D2: Text Color | E2: Dashboard Order | F2: Use
A3: Submitted | B3: Teacher report/grades submitted and complete | C3: D1FAE5 | D3: 065F46 | E3: 1 | F3: Yes
A4: Due Soon | B4: Pending but not yet overdue | C4: FEF3C7 | D4: 92400E | E4: 2 | F4: Yes
A5: Overdue | B5: Deadline passed and no submission | C5: FEE2E2 | D5: 991B1B | E5: 3 | F5: Yes
A6: For Checking | B6: Submitted and waiting for admin/principal review | C6: DBEAFE | D6: 1D4ED8 | E6: 4 | F6: Yes
A7: Returned | B7: Returned to teacher for correction | C7: EDE9FE | D7: 5B21B6 | E7: 5 | F7: Yes

Sheet Reports
A1: REPORT GENERATION CENTER
A3: Quarterly Class MPS Report | B3: Use this for grade-level assessment results. | D3: Teacher Submission Summary | E3: Use this for principal monitoring.
A8: At-Risk Learner Report | B8: Use this for intervention planning. | D8: LIS Sync Audit Log | E8: Use this for student database update evidence.
